TRUCKNO,DEALERID
AS01DC7344,410347407
PB02CC9367,410071307
WB57B9057,410038827
BR10G4392,410221627
MP38L0055,410525387
KA11A9398,410040617
ML05M4399,410266867
BR01GD3925,410260397
MH41AG3791,410478657
MH29T1305,410511947
CG12AL1222,410482997
AP35W9927,410093477
MP09GF6888,410531057
RJ19GD5222,410289547
UP30T7551,410171977
GJ03AZ9917,410554217
RJ01GB5395,410496947
MH11AL6070,410504397
MH19Z4788,410516867
CG18H1845,410529217
KL10AF1777,410293417
RJ07GB8581,410250627
JK03D7461,410201857
KA09C0399,410384067
KL16N1708,410293587
RJ04GA9935,410044827
WB15C1666,410548147
KA27B1087,410509637
OD05L1899,410067697
WB57B8591,410276227
RJ03GA3087,410402927
BR39G5480,410094457
BR08G1432,410235797
TN15Z9888,410400267
OD09B4468,410173267
TN18R9234,410222057
UP53BT2721,410271667
BR29M2711,410221587
UP45T1926,410132717
JK01U9112,410563067
BR02T3581,410060537
KL18N5009,410021087
RJ19GC2661,410241127
RJ39GA0915,410065247
KA04AA0807,410034517
OD17C3111,410491617
UP45T3947,410562397
ML05J3851,410260507
ML05M4399,410266867
JK01W6507,410563067
KA14B0449,410461137
TS04UA5767,410411997
WB55A3148,410548597
HP48B0255,410265477
AS11BC4099,410264477
AP20TB1188,410113517
UP25BT3282,410276607
TS04UA6066,410029917
BR45G0936,410218787
AS03AC2465,410257637
AS05C3211,410206337
BR39F8287,410096887
AP31TF0789,142908
CG15AC3880,410163847
CG04JD1191,410170617
KA23A6847,410066327
OD13C1355,410540087
BR02Q4851,410561657
WB33C1304,410166307
TN11X1714,410471007
BR50G2005,410252487
KA22C7722,410045127
KL01BR2614,410230267
BR06GA3961,410218107
MZ01K5277,410202577
MP36H0589,410508847
CG10R3100,410172997
WB53B2588,410548467
UP50AT7475,410132697
RJ07GB8431,410044397
RJ21GB0409,410162377
RJ41GA0020,410498057
UP51T6751,410250907
GJ18AX3347,410461807
CG17KV4579,410414117
BR11S5839,410097907
OD02H0017,410172667
WB19G0175,410215617
KA36A6611,410048547
KA25AA2008,410066277
AS01DC5711,410347667
MH35K5678,410492747
BR06GA3832,410218917
MH16AE9113,410552147
WB33B9522,410537857
TN22CM2997,410200867
AP23Y8100,410534017
JK01U9113,410564897
PB10ES9199,410108237
KA14B3929,410501867
KA545186,410055397
UP70HT6931,410171797
RJ02GB5750,410180597
HR37E6620,410570327
KA644147,410034657
KA07B1348,410309607
HR61D5000,410568387
GJ27TT3847,410493487
RJ14GL3493,410296827
UP93BT7612,410195887
PB65AS5344,410092227
UP82T5707,410371347
MH29BE2000,410541667
CG12S4722,410466643
GJ15AV3547,410474447
GJ03BT8145,410540327
GJ12BV7887,410491087
KA35C6495,410457577
JK01AG4511,410202157
UP32QN9783,410165527
HR65A4643,410410407
GJ27TT9889,410475837
AP31TH1688,142896
HR68B8026,410410317
NL01L4386,410560217
WB25E8232,410215317
TS01UC5028,410339797
GJ04AW3454,410453547
HR657069,410137967
GJ01DY9967,410475867
NL07AA1350,410209467
AS01NC4857,410209217
UP42BT1001,410060077
UP21CT0354,410262477
MH29BE0770,410504447
MH35AJ1951,410584037
PB03BJ9229,410114397
MP46H2007,410499777
RJ30GA8827,410404017
CG04NG5411,410414237
HR57A5398,410145047
HR57A2744,410413167
RJ22GB4523,410290727
OD04K4457,410404647
AS01NC0691,410202357
JK074719,410201737
GJ01JT1406,410493897
RJ06GC3177,410457687
UP82AT1006,410325937
MH497007,410526577
MH24AU4489,410477267
JK14H1621,410271467
MH45AF9951,410452797
WB51B8558,410266947
UP26T0006,410120557
MH33Q4449,410525307
BR09GB6215,410428907
KA05AJ9095,410040757
OD24D3394,410175007
MH40Y2799,410541717
RJ50GB5151,410385957
HR61D3371,410150747
MH14KA4949,410525877
JH02AX4377,410060007
UP50DT0522,410063107
CG13AS7101,410172617
RJ27GB1425,410152627
GJ11Z1075,410479697
AP31TF6479,142964
PB65BC2673,410563387
TN23DA4599,410215747
HP92A3300,410032487
HR55AL1689,410096187
PB10HV4240,410229097
AS01HC3724,410368687
WB73G2797,410239767
JH05DE6788,410187087
JK01AL8162,410563067
UP50DT3459,410063237
WB73F7609,410242327
GJ05CU7744,410426857
UP23T6953,410024247
GJ14X7806,410542977
GJ25U7191,410483387
GJ03BY5699,410491127
GJ27TT9889,410475837
GJ18BT7591,410470077
HR46E0052,410566607
MH34AB3252,410564467
RJ53GA5353,410418967
BR05GB6686,410408147
MP13GB0239,410552417
OD23K2771,410070467
GJ18BT3594,410483357
GJ01HT9668,410191607
JH09AA1499,410562177
CG05AM4619,410167427
UP36T7592,410168907
UP21CN5498,410024767
KA18C5438,410469297
BR09GB3397,410560887
ML05H9462,410369897
MH26BE6591,410521997
GJ20X0907,410494927
HR38AA2248,410569557
UP82AT3394,410561417
AS01NC0583,410347757
MH36AA0070,410515807
GJ36T5600,410543167
PB65BB9371,410288337
KL10BC0966,410054757
RJ01GC4082,410351397
UP92AT2558,410330537
JK01AL8136,410201407
AS01MC9318,410209277
UP25ET1777,410395097
MH23AU4003,410414777
PB65BB9587,410105237
TS07UJ6369,410529737
MH18BG7680,410523947
UP70HT6931,410171797
RJ21GC3803,410048447
MH39AD1024,410564397
UP70ET3370,410120317
GJ13AW8167,410453367
PB10FV7707,410051737
GJ03BV7916,410543107
TR01AP1576,410347317
HR57A0090,410147477
WB65D4311,410345997
MH20EL6283,410529647
UP21BN6468,410024767
MH26BE6818,410555697
MH38X2232,410443617
HR627365,410566857
RJ19GH0797,410141427
RJ14GL5002,410401267
HR61E2997,410147727
MH21X6271,410519387
UP16FT6770,410304907
MP09HH7870,410495237
HR61C7505,410079057
MH18BG7029,410524057
MH35AJ0309,410481427
GA04T6057,410442267
SK04D1450,410267607
MP35HA0347,410505317
JH18J0282,410059727
MH28BB1919,410493997
MH37T0786,410524797
AP31TF3455,142900
PB03BJ8181,410567207
WB19J6868,410215487
OD07AB2424,410169607
AP26TD4444,410058027
MH26AD0705,410533257
OD02BJ7646,410532887
AS07BC4001,410209277
MH27BX2110,410515507
HR47E8825,410095977
AS15AC5697,410260467
UP70ET0678,410268857
UP70DT1385,410226147
WB39B6634,410264377
HP38F5975,410566467
OD16J4424,410088727
DD01F9668,410487197
MH12SX0001,410537247
CG30D1800,410353917
HR64A0015,410266437
MH46BM4849,410467647
OD35F4569,410402567
AP31TF5767,142903
AP28TE7878,142900
AP28TE7889,142900
AP27TT0959,142908
GJ10TT8558,410545647
UP45T3947,410562397
MH21X8689,410498407
MH14JC1255,410503817
JK03L5942,410204567
RJ14GN1140,410183847
RJ20GB8588,410238817
MH21BH3360,410533177
OD05BD4360,410526087
OD06G2959,410136177
MH38X2270,410422787
MH26BE7887,410414977
TN13Y2800,410222207
AP31TP2679,410330107
TN18BD2525,410338527
AS01PC2333,410149127
MH18AA0888,410544627
MH11AL3654,410528517
GJ09AU3132,410495807
MH35AJ0309,410481427
MH16CS1122,410534937
KA19AA0339,410034677
MH40Y8889,410541687
JK10B2351,410201587
GJ20X5353,410494937
GJ01JT3913,410475547
TS06UD1496,410339897
OD18E6309,410173077
KA702444,410110827
RJ50GA3837,410050557
HR65A9058,410208237
HR61D0277,410150767
KA38A3541,410317387
PB05AP1921,410266497
MH20EL4726,410480027
GJ12BY1125,410543357
CG04NS5132,410441277
CG10BH2409,410483077
UP70CT0495,410165627
MH44U2200,410524537
AP31TF6127,142903
RJ07GD4688,410295087
AP02TE1780,410502017
GJ18BT6908,410462327
HR63E8113,410096027
PB11CJ0465,410051817
PB10FV5255,410271407
UP11BT7879,410566687
GJ03BY9846,410197257
UP57T7889,410056437
MH16AY6290,410537107
KA32C5353,410396257
JK01U9114,410563067
JK05E6771,410202027
PB10FF2978,410265837
JH01BY3083,410076267
MP09GJ0801,410499847
JK12C3777,410205177
RJ19GD1743,410385097
UP71AT5661,410323357
HR61D1080,410147807
UK09CA0880,410568477
GJ25U8091,410430827
JK02AR3255,410563997
KA42A6399,410037437
HR73A8301,410144377
UP13AT1806,410570177
GJ12BZ8620,410543127
GJ12AZ1905,410530527
MH29BE2268,410424927
MH12SX5778,410557937
MH40CD9948,410504337
JH01ER7777,410060217
OD30C0048,410170427
OD10K8703,410068227
RJ17GA9795,410382417
WB25J6913,410270047
JK14F9907,410223177
RJ14GL1417,410497897
DL1GC6836,410192527
UP78CN3772,410172097
UP30T4168,410256447
RJ37GA4993,410485377
UP76K3257,410199397
MH25AX7000,410557557
TS07UJ2215,410583897
RJ44GA3456,410416497
GJ14X7806,410542977
KA14B2016,410501837
AP24TA4149,410337657
CG17KK4750,410472687
KL58S1006,410400387
KL53J7712,410123287
WB53B7666,410041007
DL1GC5376,410192617
UP78CT3822,410345287
RJ43GA4042,410048597
UP74T4015,410267837
KA439969,410034747
MP09HH2301,410499887
HR67B2004,410250067
HR67B4659,410563487
BR01GF6978,410560147
TS03UA7929,410365137
MH20DE4708,410523187
GJ17TT9909,410554967
UP70HT7200,410273467
WB65C7885,410553407
WB65C0335,410552757
GJ12BZ8620,410543127
GJ06AX6870,410494817
AP05TD4019,410518517
MH21X6359,410517307
AS15C5393,410552577
MH17AG0550,410521207
BR28L3401,410044147
WB39B0039,410166287
PB08DG2314,410229537
UK16CA0521,410020347
UP70CT9090,410559787
OD23C7830,410169667
PB05AQ9342,410113797
RJ14GL3274,410497827
TS01UC4977,410345777
HR61E2997,410147727
AP39UJ0345,410378917
RJ14GL3101,410485207
BR06GE9717,410428757
PB11DB4108,410125797
MH334410,410514747
AS03CC1153,410550237
MH26BW9900,410432667
JH18K2979,410056697
RJ44GA3214,410297807
WB57E4572,410260807
HR63E8113,410096027
MH35AJ3953,410515887
HR39C1005,410567767
HR61D1194,410413477
UP21CT3555,410569237
HR65A8177,410257347
ML04E2526,410347867
AP39TD0567,410525477
HR55X2886,410208307
AP07TF4747,410455077
GJ16AV6999,410472237
HR57A8085,410036397
GJ03BV7916,410543107
MH26BE9121,410451647
WB273536,410548737
GJ31T2867,410493337
AS07C4451,410209677
HR627878,410561447
GJ13AW8167,410453367
PB10HN0241,410389057
OD15T6438,410527947
KA109988,410055157
UP30T9402,410174097
KA14B5400,410460977
MH20DE6195,410531557
MH46BU8008,410431537
UP70CT9090,410559787
OD19P8890,410175077
UP78GN8634,410330517
HR38AA6823,410150647
MH23BG5567,410520697
GJ04AX2930,410453037
RJ03GA4239,410156977
MH19Z5692,410519967
PB02CC9366,410071427
UP60T9160,410568837
UK15CA3334,410274627
HR62A7805,410135587
UP38T0018,410563737
CG12AS9222,410466643
CG13AV2579,410172527
RJ01GB1816,410027477
KA28AA4801,410430037
HR47E9227,410144357
HP17G6131,410033167
JK068325,410202007
MH21X6271,410519387
MH26BE7116,410450137
KL60Q4855,410287187
RJ41GA3420,410180857
UP20AT4916,410024727
GJ06AX9154,410487147
GJ03AX9793,410543567
MH12SF0200,410557467
OD17Y1400,410527137
MP04HE3482,410483887
MH14JL8757,410537907
BR28L9852,410044977
MH04FU0466,410557767
RJ36GA4504,410494987
JK02CR4215,410202007
PB65BB9524,410568047
PB10GK3365,410052907
RJ14GL5002,410186307
CH01TB8332,410567987
GJ01ET5577,410476017
GJ31T1865,410476087
CG12AS9322,410466643
MH46BM8737,410467607
UP47T1717,410132357
TS07UB6545,410334027
PB12Y8635,410567417
UP63AT0924,410132497
PB10FV7818,410290887
GJ27TT4959,410564077
KL53Q6050,410400587
RJ21GC1449,410048507
GJ01HT9924,410474217
HR840804,410421897
MP04HE5551,410528967
UP78DT0077,410168777
UK09CA0879,410123407
GJ04W9549,410488667
RJ23GB2551,410437397
UP70CT1475,410171757
UP90T4712,410345227
PB22K4675,410217987
MP43H0727,410507897
UK08CB0060,410120757
GJ12BZ5976,410504597
HR55AL1689,410096187
WB177055,410547887
RJ15GB5151,410048227
RJ19GJ8111,410499027
UP74T2675,410257317
UP81BT6732,410569657
RJ10GA8021,410478697
JH19D8528,410076437
MH29BD3000,410515977
OD19U5551,410532177
JK14H9297,410271467
GJ27TT5956,410449077
KA36C3890,410216197
KL11BB0711,410283727
MH35AJ2009,410489337
GJ36T5600,410543167
MH26BE7818,410412577
KA15A1905,410332297
UP24T1937,410176897
PB02EH9932,410222787
HR65A8867,410422137
KA34B3069,410457617
TN18BF5567,410308787
KA08A2412,410027287
RJ05GB3877,410488017
KA42A6593,410333337
UP93BT0936,410485437
UP93BT1180,410489147
RJ10GA7121,410274507
MH04HS9900,410477467
WB33D2426,410546877
WB73D9407,410208967
GJ17UU6521,410551767
MH36AA0770,410515807
OD02BX4003,410404727
MP09GG4692,410517517
RJ07GC1710,410250617
JH03S2444,410056757
GJ03BT2134,410542077
CG26E0036,410414257
AP31TF6188,142964
KL11BB1727,410304937
TS07UL2800,410320077
UP13BT3898,410402787
MH19CY5682,410523177
UP70DT1385,410226147
KL11BA4888,410301177
KA32D7178,410316827
MH20EL7655,410484347
HR57A9090,410147697
GJ17XX0276,410555347
MH23AU3221,410435407
HR57A0315,410150277
HR68B0796,410123747
GJ27TT5956,410449077
MH19CY5155,410477437
UP30T7551,410171977
ML05H8393,410356457
MH20DE2599,410507077
OD24F6825,410088687
RJ20GB8940,410210757
GJ03BY5699,410491127
MH13DQ4445,410435377
OD05BE7003,410404697
MP36H0602,410520637
UP70ET0678,410268857
GJ02XX7973,410462367
UP76K2854,410086857
KA53C0343,410040497
TS01UA5121,410340317
AP31TD5486,410432067
AP05TB5678,410518627
BR06GF0992,410306427
UP14GT2489,410193727
KA17C9504,410502617
UP13AT5891,410567907
RJ14GH5151,410271157
HR66B8061,410082197
CG17KN9750,410472687
KL58S1131,410054867
KA07A5774,410037597
MH46AF4122,410269577
RJ15GA8362,410385807
HR74B7483,410095877
KA28C2791,410430037
DL1GC5355,410568397
UP32FN3194,410265727
AP21TT3898,410533377
UP35T7714,410189857
PB05AP9866,410113897
PB13AW5031,410051637
KL58Q3209,410400307
RJ13GB0711,410274687
JK02BJ1176,410223197
UP78CN5271,410569127
TS04UA9228,410374087
MP09HH2099,410529037
UP32FN3194,410265727
MP35HA0487,410512407
BR01GC1833,410230177
HP64B7083,410033387
HR38AA3306,410280147
CG10BD8770,410356347
KL55T2005,410069217
MH17BD3419,410505017
PB10FF5395,410566197
KA12B3582,410055417
PB04AD9980,410567167
MP37GA1580,410529307
MH45T2255,410520267
KA07A5808,410040867
JK02BQ8891,410265657
UP70CT0495,410165627
BR06GB8128,410094697
MH20EL4888,410499507
HR57A5222,410428017
RJ01GB1816,410027477
RJ19GH2476,410385557
MP66G1335,410505297
MH20DE2065,410515117
MH21X8357,410492327
MH15DK6100,410496717
JK184545,410222907
UK07CD2148,410569707
JK075539,410201737
GJ02VV5911,410542107
JH18J5862,410062107
KA16C3737,410060977
MH22AA2323,410517327
JK01R5491,410274337
UP58T1616,410055867
HR46C0055,410101257
RJ07GD0239,410159467
UP76K7600,410257077
BR51G6620,410554067
MH22AA5055,410560007
UP74T4395,410262687
GJ15AV7201,410477247
KA16C3194,410045057
BR01GF4455,410062447
CG29A0975,410157677
MH19Z9494,410483097
GJ08AU9828,410455647
RJ07GD4688,410295087
MP17HH4793,410464207
HP26B0277,410105027
HR39D0473,410567017
HR65A9911,410388667
WB73F7609,410242327
GJ11Z1075,410479697
ML10A3177,410347967
BR01GF9981,410219107
RJ26GB0077,410152787
PB02CR7658,410567347
UP55T5167,410561737
PB02CR6335,410271627
RJ14GL1660,410277037
MH40AK3441,410544187
HR58B3649,410388597
GJ03BY0372,410542787
GJ12BZ0108,410543157
AS15AC5697,410260467
UP62CT0725,410128637
KA40A3588,410040777
MH14EM7151,410520447
RJ02GB4408,410177737
UP33AT5701,410569377
OD19H2111,410402607
GJ16AV9886,410522027
TS01UC4972,410333977
PB08DG1899,410068137
BR21GA0501,410065417
RJ19GE8102,410044477
KL71C9333,410293377
RJ19GE8896,410065337
MH10DT2266,410441657
MP48H0796,410491287
GJ12BZ0108,410543157
HR39C0346,410144417
CG17KV7080,410414177
UK04CB9234,410021227
RJ14GP5500,410496237
KA40A3066,410037407
JH09AA1499,410562177
MH26BE3396,410498537
BR06GB4816,410252867
UP81BT3851,410565297
JK03E1003,410222937
MH15CK2323,410555777
AP05TU6386,410518317
KA14A8549,410460427
WB768278,410549737
RJ04GA6390,410160247
RJ18GA6181,410498047
KL01AX4001,410257527
OR22F6383,410275377
KA14A6345,410324417
RJ01GB0131,410048387
RJ33GA1660,410259027
PB10DM9541,410566207
AS15C4308,410260467
RJ08GA1479,410153897
RJ04GA7293,410498227
KA35A9987,410457037
JK03C8276,410201657
KA17B4566,410447837
JK222490,410222907
MH12HD3362,410558157
RJ24GA2383,410498757
PB10DM9085,410104097
JK02AN9752,410563067
RJ21GA7699,410289397
MP12GA1060,410524907
KA28B5887,410447637
RJ19GC2888,410498147
KA09B6160,410055237
JK01R6069,410222927
JK04B6765,410564897
JK02AT7184,410563067
WB33B5426,410548247
ML05J3851,410260507
RJ21GA7246,410498737
JK02AV1988,410563067
HP643664,410566767
KA473322,410507687
WB33B4196,410549297
RJ23GA5652,410183707
MP37GA1777,410495057
MH28AB1000,410523587
JK02AN7702,410563997
PB12N8999,410105287
JK126107,410202047
JK02AW1728,410257217
MP09GF4970,410530997
UP82Q9870,410575187
MH29T0855,410564427
AP05TX3737,410096137
KA05AC5729,410383787
MH20CT3488,410559947
JK02AT7136,410563067
BR39F8287,410096887
JK02AU2968,410563067
RJ20GA7387,410266517
RJ18GA4561,410290857
PB11AY9615,410564567
JK171555,410568347
RJ19GC2055,410162507
PB11AY7299,410125707
PB10DD9597,410241607
MP15G3009,410541447
MH14DM2270,410558227
RJ29GA2481,410487767
RJ25GA1452,410184287
JK14B4196,410564927
GJ11Z9054,410568547
RJ23GA4921,410419037
KL13X7422,410020817
JK02AL0861,410223137
MP09GF5972,410495317
UP44T3927,410307797
RJ28GA0970,410156147
JK02AU8819,410563067
JK223765,410202097
MH08H2707,410504757
GJ10Z9386,410545317
WB29A4864,410548237
MH18AA1455,410544637
TN40C6151,410155797
PB08BX0700,410250967
KL11AF122,410300657
MH20CT3755,410484367
RJ14GD9570,410282327
PB05V9899,410234877
KL14L1581,410061207
PB10DD9597,410241607
WB73C1569,410202207
MH04BU7952,281
AS01DC0363,410202357
MP28H0493,410437527
KA14A8159,410061587
KL58G6064,410061087
KA378370,410066687
MH19Z3939,410531277
KL59B4730,410287307
GA04T3764,410438417
KA23A5268,410054197
AS04AC4991,410550327
CG04DE0200,410151727
UP31T4642,410256967
UP53BT9001,410129817
MP65GA1500,410536827
KA28B5734,410511417
MH05AM2303,410478887
RJ37GB0151,410065357
HP68A0390,410241647
OR15S2502,410528027
MH28AB7320,410530177
MH28AB7321,410530167
KA159050,410509787
KA485640,410048207
MH43E5015,281
GJ10Z9796,410475617
KA51B3375,410055427
OR05AT1459,410272887
MH18AK2900,410534167
MH16AY5005,410520787
MP10H0350,410531007
MH17AG7879,410521267
MH29T0969,410483927
MH24J9597,410503417
RJ04GA6926,410254087
RJ19GC4568,410141167
MH23W7900,410519427
GJ04W8500,410475767
MH08H2914,410504757
KL21H2205,410232557
MP04GA5078,410529793
KA16B7725,410052267
JK14C7129,410271467
GJ12AY0009,410312067
KA455972,410037617
MH14DM6465,410557777
BR39G5480,410094457
KA34A9819,410054267
UP62T6804,410132417
RJ15GA3121,410498127
TN18L9797,410468957
KA34A9414,410332527
GJ14X5000,410545247
HP69A1325,410564967
MH20BT1674,410552967
MH16AY2929,410484317
MP47G1111,410535007
MH21X4029,410552897
MH12HD5397,410558277
UP53BT9211,410129737
MH04FP5080,410524827
MH43Y1708,410495957
KA35B1753,410053817
PB10DE6264,410565117
GJ04W7563,410491947
GA05T2634,410438837
UP83T5000,410196227
GJ04W7385,410461587
MH14DM5650,410520927
CG10DA7200,410172367
KA17B7225,410457707
RJ13GA9625,410180527
GJ12AY2706,410475697
MH04GC3759,410511117
MH504444,410441697
HP780108,410032457
WB33C0363,410260777
WB33C0693,410272537
WB25E6546,410215247
JK162755,410201907
UP31T3272,410165447
MH24AB9900,410524547
UP57T3835,410132607
UP54D4320,410274657
JK04C0629,410564897
KA14A6009,410501847
RJ16GA5931,410043637
TS01UA6333,410342767
WB37C8057,410540967
HR65A0086,410566727
UP75M4068,410568807
PB13AB5303,410253597
MH06BD1035,410477427
KA40A7227,410040937
OD04H9555,410238877
RJ14GH3326,410162437
UP50AT8471,410562437
UP32GN3672,410168917
MH12MV0055,410493867
UP62AT2556,410056797
OD09B4877,410089927
CG14D4151,410151877
MP09GG3639,410514927
MH19Y9929,410559877
DL1GC5395,410569987
BR01GF0634,410045087
KA14B4041,410336047
MP08HA0403,410516297
TN75AE6814,410072097
RJ38GA1008,410044117
MP09GG6373,410471927
KA53C1161,410034727
RJ21GB6565,410294877
KA03AC8384,410037867
HP17C3459,410304657
PB10FF3199,410232377
MH20DE2399,410552137
UP42AT5959,410261737
KA07A1625,410034787
JK04B8420,410201517
KL14Q6380,410284187
GJ01DZ7755,410478757
MH23W1925,410511787
MH14EM5899,410557397
GJ01DZ0939,410497127
AS01GC6333,410206467
DL1GC5244,410570137
RJ27GB8528,410496917
KA23A7079,410426937
OD05M2077,410169607
TS02UA5481,410337477
KL57L511,410061477
AS15C4308,410260467
TN65AB2101,410097507
KA01AE5939,410034607
MH26AD5000,410508987
UP55T5345,410059207
TN50H9444,410373397
RJ27GB9865,410494397
PB02BU9565,410214227
AS01DC5611,410347667
KL14P7217,410298277
MH21BH3139,410446777
DL1GC5589,410569937
TS08UB6489,410337717
RJ28GA4588,410359937
DL1GC5967,410289037
UP44T8242,410165317
TS06UB0125,410534887
TN31BA4123,410400247
WB25E8232,410215317
BR45G1054,410218817
HP271100,410105617
CG12AK8330,410172447
TS01UA2854,410368017
HP62C1145,410108517
AS01FC8090,410206187
JH01BY7093,410184447
JK01R4984,410222967
MH24AB7520,410507057
TS02UA3600,410367467
UP92T3420,410482347
MH44U0636,410476167
UP93BT1455,410481497
MH451770,410557667
UP37T4001,410193677
UP50AT8090,410132777
UP50AT3339,410129857
TS01UB7272,410339947
AP21TW9646,410033997
KL24K6291,410051647
MP44HA0532,410539987
UP11AT7677,410566687
MP04GA6615,410495357
MP04HE3826,410495827
WB65C0335,410552757
HP698425,410031937
KA37A6999,410197587
HP62D2300,410054067
TS02UB5949,410340267
UP73A5022,410347687
MH16AK1414,410495587
MH19Z4742,410524507
RJ07GE5477,410159667
DL1GC7367,410564017
DL1GC5295,410324627
WB33C5356,410548157
AS01GC6333,410206467
WB470222,410166377
UP87T1657,410067457
PB07AS9112,410213777
MH19Z6302,410538387
AP05TD3990,410525207
TN02BC6507,410309117
MH12LT6895,410503037
KL10AV1849,410020237
DL1GC5225,410192487
KA17C4477,410502637
BR02AA6370,410561937
TS08UB6298,410518127
RJ29GA4444,410186507
RJ01GB5395,410496947
HP26B0278,410105027
GJ15YY5111,410555187
BR29S6731,410221747
KA42A4283,410037667
AP30Y1187,410425997
KA458787,410055437
UP30AT0082,410569027
UP25BT3106,410138827
CH01TA4665,410345357
KA15A1072,410461937
DL1GC5670,410568217
AP05TD4546,410425827
KA16C3195,410447697
MH17BD1616,410519397
MH14EM7612,410519807
GJ04AT9912,410465477
MH14EM7257,410504017
KL59J3238,410061557
KA12B2507,410034687
UP54T8080,410056937
TS03UA9201,410349257
RJ44GA0858,410497047
MH17BD3232,410516767
MZ01K9227,410202577
KA089119,410037887
UP70ET3370,410120317
GJ12BT3872,410568707
MH15EG3658,410516157
JK14D6363,410202367
KA20D4696,410307007
MH12KP1943,410520757
CG12AT9989,410508387
RJ21GC6437,410159587
KA14C0898,410336077
GJ7UU9495,410489367
UP81CT1233,410407147
WB55A8783,410041277
MH43BP0310,410512617
HR57A1435,410419357
MN01AA3998,410347617
MP09HH3548,410460467
AP16TC1778,142902
UP32QN9782,410273367
OD19L4141,410505217
RJ14GJ3569,410485327
UP70FT5999,410567547
OD10K6474,410068127
HP738139,410053877
AP31TF2079,142901
OD07AA9935,410396207
KA17B7966,410457007
PB10FV4630,410053227
TN21BM4455,410405717
TS07UH0486,410310487
GJ12BT5583,410543247
TN19AS9109,410054927
AP31TF0888,142908
MH39AD8200,410477487
MP48H1045,410484157
WB55A8877,410540807
JH05BW4256,410541177
RJ37GB1031,410496997
JH05BV1271,410255087
RJ11GB1597,410250597
KA12B3582,410055417
WB912993,410239187
GJ09AU5261,410468367
AS22C9161,410209707
KA14B1287,410198687
RJ02GB4831,410497967
KA15A3450,410110917
OD02AK8280,410520617
KA17C9540,410447617
WB37D3418,410257487
OD07AD3456,410067597
MH38X1726,410476237
MH29T0855,410564427
HR68B4079,410566457
HR46D2986,410148077
PB13AY0032,410150307
HR37E0003,410410437
UP64AT2001,410132437
UP30T7824,410402067
DL1GC7720,410568407
MH11CH4759,410503467
UP24T4624,410089447
WB51B8757,410215107
AP31TG3689,142900
AP31TE7799,142896
AP31TF3168,142901
WB37C7344,410548487
KA18C6555,410460687
JK08L9667,410205427
KA10A5319,410037477
GJ38T0059,410490557
MH26BE5005,410452917
GJ04W7385,410461587
MP15HA0562,410495407
RJ14GJ3569,410485327
MP04GB1801,410528577
RJ19GF2141,410498817
MP46H9333,410502517
OD04K7675,410172877
UK07CB2896,410020007
MH26BE0956,410517367
RJ14GL6393,410413077
HR39C7980,410038857
WB41J2552,410038457
JK11D4255,410256737
TR02G1722,410356237
UP53HT0787,410285137
RJ50GA4791,410465017
CG15DG1800,410151667
PB46W1383,410567887
JH06N7452,410184487
GJ03BY0372,410542787
CG30D0142,410354097
DL1GC7571,410325997
UP83BT5725,410565767
MH27BX2091,410499077
GJ37T9099,410545367
GJ12AW4005,410545597
RJ50GA2035,410162027
MH40Y9700,410559687
MH48AG2176,410508317
MH40CD4499,410511967
HR61D5459,410078997
BR24GA9052,410560327
HR38X0236,410280147
PB29X4849,410220607
OD05Z0711,410526497
RJ02GB4408,410177737
RJ28GA2809,410174577
UP32JN8985,410165927
HP06C5041,410035697
HR55AC1806,410101347
WB51B4442,410548017
MP36H0929,410533777
CG04LT3888,410158087
UP33AT5701,410569377
MP09GF3455,410517427
OD16J4484,410088727
PB11CM9001,410567397
GJ37T9099,410545367
GJ15AV4953,410441297
TS28TA3535,410455377
AS02AC9487,410264517
PB02CR3975,410569567
PB08DS5085,410265687
RJ14GL5493,410299227
KA37B2499,410457617
WB915902,410208797
HR61D4456,410147607
DD01F9900,410426777
MH48AY7797,410501027
KL13AN5930,410264427
WB67B7069,410267687
HR73A8301,410144377
HR37E0003,410410437
WB73F7609,410242327
HP63E1947,410032357
WB73D9407,410208967
AS23CC7798,410209877
GJ25U7191,410483387
RJ27GD5811,410027857
UP23T6953,410024247
TN21BF8923,410471017
WB55A8648,410166447
GA09U6722,410447207
RJ14GL3101,410485207
RJ14GL1600,410181097
MH40BG4077,410698747
WB51B5487,410238927
RJ18GB4352,410181137
MH26BE1577,410480127
HR55AB3675,410111507
PB65AH9840,410051607
BR21GA4491,410562637
GJ03BV9234,410430687
MP04HE3826,410495827
WB67A5529,410294927
DL1GC7605,410570057
RJ20GB8937,410304857
WB67A6869,410166277
GJ17TT6562,410551817
MP11H1256,410478097
JH15G7217,410184537
AS15AC4833,410369937
UP21BN6468,410024767
AS01HC6629,410206487
RJ19GF1911,410210877
HR55AB0072,410296417
MH37J2424,410532497
AS01DC5711,410347667
AP05TU5517,410536767
OD100369,410528277
PB02BU9565,410214227
RJ10GA5655,410497057
OR15S2501,410528127
RJ10GA4888,410183487
JK02AU4814,410563947
GA08U7245,410438367
BR08G1432,410235797
MH05AM1521,410505667
HP53C1999,410123727
RJ13GA5931,410498907
CG14D0343,410172867
RJ20GA7019,410153387
RJ04GA7147,410065097
OR15S2504,410527077
RJ27GA9013,410496917
PB13AB5303,410253597
BR01GB3619,410218217
PB11AY0341,410256187
JK02AP0292,410563067
MH30AB1350,410585677
MH27X5060,410528607
MH01L6402,281
HR657069,410137967
MH08H1312,410504757
HP585154,410110967
HP17C0466,410053827
MH39C1100,410535877
OD042929,410172347
KL01AY2600,410293727
KA20B9998,410111087
HP67A0783,410108147
PB07AF2613,410222797
KA33A0275,410430267
RJ24GA2418,410497947
MH09CA7119,410529487
MH22AA8008,410538297
RJ29GA3378,410186237
MH43Y1522,410477917
AP15TA0027,410473617
ML05H8393,410356457
AS12E1681,410179197
RJ06GA7201,410385147
MH15CK5150,410484417
WB33A8577,410540917
RJ15GA1822,410254047
KA397340,410066587
JK02AL8403,410208637
MH41G6654,410534717
WB41E0962,410257717
UK12CA2828,410274627
OR19G9141,410505217
CG18H1140,410522407
RJ29GA2009,410497177
MP28H0526,410500017
KL57B7591,410021277
KL08AR7290,410125077
RJ13GA5944,410498957
KA20B7650,410303387
TN11AF3399,410221847
JH14B9721,410184577
MP19HA4234,410510227
JK03H2972,410208567
MH32Q4365,410544177
MH40Y8934,410517057
MH40Y8898,410460957
MH43Y4989,281
BR11L9387,410559087
MH16CC4911,410493327
MH22AA6111,410488887
RJ06GB9141,410496987
WB37D6978,410551507
MH11CH4059,410521237
UP83AT0001,410088997
UP75M4716,410195977
JK02AX6328,410236077
UP35T6003,410172087
PB10FV5445,410231947
MH19CW7777,410538057
OD05R3411,410526497
WB41J2085,410166327
UP21BN6468,410024767
MH22AN3141,410516947
WB57D4757,410038967
MH21BH2700,410484337
DL1GC5572,410568207
UP42AT9633,410305157
UP23T7029,410565877
AS23AC2632,410208517
OD02AX9981,410520617
TN02BM4343,410306007
UP13BT3898,410402787
MH17BY6792,410532837
TS16UB8385,410321897
RJ14GG4199,410305027
MH42T2056,410520597
TS16UA6788,410354997
RJ14GG4199,410305027
WB03D3984,410551587
KL55Q7079,410020447
OD02AH6882,410411247
OD01Z1804,410541287
UP95T9352,410199007
RJ20GB8589,410282347
RJ27GD5567,410152437
GJ12AZ1905,410530527
AP26TE4777,410455417
AP37TD3354,410093437
HR38Z9569,410569577
MH19CY5888,410524587
KL48N2119,410230307
GJ20X9966,410493117
MH20EL4917,410485547
MP68H2753,410540007
MH19CY5005,410485977
MH20DE0355,410511857
WB51B8316,410435157
OD33W4805,410526417
KA34C0181,410316887
KL65N780,410123077
MH32AJ8444,410522317
TN16F5055,410034247
HR65A3761,410148127
WB15D4646,410239357
JH15G7217,410184537
TN02BP4848,410336607
WB33D9498,410036617
MH23W2059,410477077
MH08AP1809,410506577
AS23AC3507,410270447
KL53P6682,410122957
GJ10Z9796,410475617
MH40Y9700,410559687
JK073912,410201737
TR01AN1733,410347337
GJ09AU3762,410453237
JK01S0686,410563067
UP16DT7665,410023857
UP41T8388,410567807
UP30AT0082,410569027
OD16F4716,410088727
MH24AU3785,410532437
OD03L1424,410503127
JK13D0688,410222907
KA18C3751,410110957
GJ04AT9912,410465477
MH12MV5145,410519717
WB19J6869,410547257
MH33T0566,410523847
OD25H8671,410411457
GA03W4639,410438907
GJ04W8500,410475767
KL01CK2059,410278597
BR01GC1833,410230177
MH16CC7374,410496787
HR46E0044,410101617
AS09AC4824,410208617
BR01GK1937,410232827
RJ05GC5100,410418957
GJ04W6052,410495217
MH40N7441,410526487
MH40CD1310,410512087
GJ11Z9054,410568547
BR26GA6594,410230887
HR66B6476,410288467
UP64T5707,410056227
UP65ET0011,410569527
UP14FT3886,410261797
WB39B6634,410264377
MH22AN2727,410481167
HR63D0858,410575387
GJ11TT8300,410197287
BR21GA9936,410064827
HR63D0858,410575387
JH01BR7768,410187177
DL1GC5377,410570067
WB65C0335,410552757
AS03BC7458,410541267
WB49N0296,410036717
GJ03BT2134,410542077
HR65A2887,410039187
RJ01GB5395,410496947
JH01AR7249,410547547
RJ19GC4567,410140907
MH19Z6651,410534907
TS03UA8999,410364967
PB32P3505,410256287
KA28D3685,410430037
GA09U5985,410506437
WB455786,410041557
KL26K4050,410230597
MP04HE5197,410486717
DL1GC7603,410309587
UP86T4660,410089217
TS08UA4756,410367547
HR58B6978,410150607
UK07CB7580,410569717
MH16CE6100,410560057
MH12LT9293,410508787
BR01GE2020,410218757
JK074719,410201737
KA21B4446,410335737
CG13AB0718,410155267
MH17BY6799,410521887
MH36AB4050,410553467
UP62BT7646,410056897
BR10GB2099,410408747
KA27B9059,410461397
ML05R8500,410550587
MH26BE7979,410498547
TS07UJ7063,410333857
OD02BF4747,410170137
MH26AD0989,410532447
MH26AD0904,410526387
JK05C5034,410253687
RJ23GA7451,410184187
KA18B3326,410111047
WB29A7912,410038347
RJ12GA1628,410152437
JK01T1468,410565257
JK163211,410202157
JK02AU4520,410201757
JK02AX6327,410563997
MP36H9977,410533747
WB29A7342,410540947
GJ25U9496,410545207
AP37TA0007,410536907
AS01EC9468,410202597
JK01T3441,410563067
RJ07GB6636,410044347
MH05AM9732,410477287
MH20DT1111,410527967
WB33B2021,410548207
KL02AR3324,410061027
MP40GA0624,410517817
PB10DZ3699,410288187
BR19F5526,410428367
KA01AB7828,410034647
OD28A0108,410067837
MP36H0392,410523487
WB37C7344,410548487
KL53E4600,410061467
UP62T6868,410132487
TN07BS0004,410308917
KA06C2925,410037387
ML10A8577,410206407
RJ10GA7121,410274507
TN49AQ9291,410443197
UP30T9402,410174097
UP45T1928,410132737
PB11AY0341,410256187
WB33C1211,410547227
MH25U5005,410558327
MP46H1015,410479747
WB29A6534,410276117
JK02AX5764,410563987
OD07A4321,410528267
WB33C1077,410548187
TN31AT6283,410221737
WB67A5529,410294927
RJ15GA3215,410044247
KA19D5531,410427187
KL63A8156,410111417
MH08H2815,410504757
KL16L2626,410212797
WB41G1229,410548337
GJ10TT8558,410545647
CG12S4822,410482997
OD264517,410090027
UP84T2791,410089237
MH18AC7172,410532777
KL45E2127,410123197
UP62T7351,410135417
PB29N9790,410235077
GJ32T5501,410542797
HR626397,410566857
JK03D6654,410366297
JK03D6553,410201697
CG15AC3531,410375587
OD09A7099,410172627
JK01R8466,410250767
JK02AX4952,410563987
WB15C1666,410548147
KA35B2130,410455837
TN20BJ8559,410063857
MH11BL5775,410243017
KA16B7569,410448037
GJ03AX9918,410568497
UP53BT9389,410132557
UP58T3202,410132567
UP61T2256,410560077
AP29TB0999,410094187
KL55M4872,410284637
UP65BT7399,410558437
TN21AQ9691,410216287
WB53B3827,410266967
KA17B7966,410457007
AS15C5393,410552577
MH26AD0792,410555757
WB33C0969,410166527
BR7G3466,410560137
RJ14GL9574,410296877
MP04HE3482,410483887
MH22AN2151,410470587
MH19Z5523,410519367
UP83CT3955,410196117
GJ32T7227,410543187
UP74T8314,410331057
MH36AA0543,410510097
MH334449,410525307
UP50CT6859,410558527
AP31TF5378,142900
MH04FU3278,142896
KA15A5099,410467917
GJ36V8207,410542827
RJ26GA4122,410416227
MH19DS0131,410524597
TS03UC8776,410295767
UK17CA5251,410020157
UP21CT3556,410569237
GJ34T2212,410475217
RJ20GC6655,410498087
HR68A8763,410135717
HR61D5459,410078997
TR03J1597,410356277
HR39C9774,410135457
WB41J2085,410166327
WB912993,410239187
KA01AK7875,410037657
HR37E7000,410567687
MH18BG8718,410240887
HR68B4093,410241597
MH17BY4002,410498457
MP16H2394,410552397
OD05BE9931,410523407
WB73E9575,410343687
OD05AN4211,410519487
UP13BT0331,410067567
HR74B3877,410111347
WB41J5007,410166157
WB53C1600,410548507
MH21BH0101,410498437
UP11BT4001,410392897
MH39AD1607,410537987
MH15FV6465,410477777
HR68B3166,410566707
MH34BG9680,410488437
HR640100,410036817
PB65BB1918,410561497
OD29K0502,410395687
DD01F9617,410490047
KA04AC5912,410335067
MH04HD6962,410511117
GJ15AT5741,410554927
WB37D6646,410260387
CG04NL8884,410170617
AP39TY6858,410078577
KA09D4156,410055167
GJ12AW4005,410545597
KA565088,410393967
GJ01FT3319,410464247
TN73AF5846,410218497
KA09D7613,410467317
MH19CY4600,410516807
TS07UJ5781,410518757
MP09GH9801,410491767
RJ07GD6589,410238497
RJ31GB0610,410498887
MH21BH3337,410498417
OD23K2781,410070467
MP04HE5197,410486717
UK07CB3973,410020417
RJ17GA8399,410271357
MP39H3984,410457527
GJ04AW3454,410453547
HP58A6325,410110967
UP58T9505,410285597
MH20EL8452,410532807
HP695810,410032387
GJ27TT5355,410498137
WB73E7770,410550607
BR07GB4478,410304207
MP66H2370,410461197
JH10BJ0391,410542427
PB02DP7755,410214317
KA09D7548,410467827
JH15W7692,410184747
MH26BE0954,410498577
RJ02GB8398,410296467
AS15AC1304,410258147
RJ02GB8481,410183697
UP31AT8100,410303617
UP44AT7749,410318077
HR577545,410036467
HR57A3500,410566967
BR10GB3020,410221367
CG13AP6146,410172527
MH14HU9044,410450547
HR39B9126,410144777
MH18BG5071,410489437
JK14F9138,410271467
MH40BG9990,410510147
WB51B8316,410435157
HR57A4546,410039217
HR37D3033,410125537
HR37C8805,410135617
CG12AL6422,410466643
RJ04GC2891,410491187
HR578883,410038807
RJ36GA6671,410490137
KA51D9463,410463967
GJ25U8091,410430827
HR45C1479,410566717
RJ10GB7420,410497937
KA20AA4337,410303877
GJ01HT9924,410474217
GJ01JT6633,410476587
PB10HK9295,410566197
UP93CT5103,410195887
PB10GK1492,410269087
MP04HE5250,410484747
MH28BA8866,410462587
RJ14GN1140,410183847
RJ13GB7862,410029787
GJ32T5501,410542797
MH41AU9924,410585077
HR56B2263,410150587
HR38AA9420,410144597
CG04NK0734,410414807
KA35C6188,410466977
RJ27GD3402,410494117
HR61C1094,410413137
JH14H6979,410257737
JH21G0146,410076127
UP13BT5677,410407247
RJ43GA4796,410050397
HR39D1803,410568227
AP39UA4455,410039977
KA11B5254,410043407
MH34BG1287,410484067
JK01AL8119,410563067
GJ01DY0303,410493957
AP39UA2095,410084497
MH14HU4745,410561027
HR840804,410421897
MH04KU1995,410531647
WB25H5188,410434737
MH29BE1036,410515907
WB37D6978,410551507
GJ03BV7428,410561517
MP28H1881,410452077
BR26GB3948,410224077
GJ20X9119,410477187
MH04KF1151,410522007
GJ16AV9987,410522027
CG05AL3856,410154947
MH18BG5961,410443967
OD05AW1569,410528147
KA28AA1938,410224327
GJ03AZ9917,410554217
CG09JF2111,410164267
HR67C4663,410566437
WB892829,410215157
GJ12AZ1127,410530527
GJ12BT3872,410568707
HR55AK8669,410148577
HR47D4923,410101177
KA37B2076,410429577
UP80FT6381,410569627
MH26AD0665,410552977
MN01AA3998,410347617
MP48H9901,410491787
RJ07GE0224,410290797
HR58B0999,410563247
DL1GC7686,410570047
CG27H9799,410481687
WB15D4344,410434687
KL46T8963,410231147
UP21CN5498,410024767
WB51B8558,410266947
KA51AB8558,410332597
MH28BB8469,410555577
NL01AA6949,410368867
GJ27X3588,410474257
MH20EK7575,410479167
MP08HA8788,410464667
OD01Z1804,410541287
BR09P8636,410551887
HP929922,410197877
RJ02GB8398,410296467
UP21CN5798,410024577
RJ06GD0180,410413377
GJ01JT6105,410464567
AS01GC2945,410356237
MH14KL9000,410503807
HR69D1530,410232017
MH31FC7036,410425767
JK03H2799,410366297
RJ21GD3900,410373657
BR06GF1078,410306077
PB10HV5611,410566187
HR849820,410099247
MP40HA0426,410499197
HR47E8825,410095977
MH26BE9338,410532857
HR55AP3282,410241257
WB41J3041,410041377
WB351652,410547847
WB65C7885,410553407
PB65AR4510,410108047
UP78DT3851,410565207
RJ20GC2096,410153777
PB65BE0326,410269217
UK07CD1505,410116777
JH03S3812,410562047
RJ29GA5862,410186157
WB25H1975,410163897
MP67H0223,410497497
HR74A6577,410085927
MH14GU5555,410561017
BR28GA8089,410231157
GJ08AW7587,410476387
PB05AR1921,410266497
RJ14GP8947,410186717
HP97A2575,410566467
UK06CA4105,410120787
MH43Y4990,281
MH16CC4748,410530287
HP48B2055,410265477
MH19CY3746,410559737
GJ03BV9234,410430687
CH01TB5316,410345357
UP78DT3851,410565207
UP32SN7375,410307127
RJ14GJ3569,410485327
KA40B3092,410055357
RJ07GE0629,410048177
MH10AW7394,410412457
GJ27TD2281,410467817
GJ16AW0008,410488707
MP14ZB4980,410488827
TN07E3118,410108927
MH18BG0777,410523137
MH19CY2351,410489217
GA05T9009,410425127
MH14GU2900,410537907
TN12AA2223,410218777
MH11CH4559,410503467
MH44U2543,410414857
UK14CA5125,410373067
MH35AJ3830,410522287
GJ01JT7200,410504327
RJ43GA6577,410495067
UP64BT6926,410056627
MP44HA1152,410482037
GJ12BZ1193,410545617
RJ19GH6650,410160527
HP695770,410053977
MH16CC5051,410552917
KA41C5568,410055287
MP37ZB3294,410479707
GJ01JT6105,410464567
KA01AN1881,410386637
TN70AM1899,410415547
JH01EZ7177,410231027
HR69D1530,410232017
CG12BH3179,410331737
LA011750,410201737
HR55AF0058,410268907
WB25H4868,410214857
AS23AC2637,410347247
KL11BN9845,410400607
MH12TV5828,410520887
GJ12AZ7654,410555477
GJ12BZ5612,410504597
UP67AT9462,410286097
RJ37GB0887,410386087
HR840804,410421897
OD35E0034,410402017
MP04HE7773,410456227
MH36AA0670,410515807
WB893717,410549117
UP34AT2522,410303587
WB73E9575,410343687
GJ14X5000,410545247
MP04HE5250,410484747
GJ08AU9765,410455177
UK18CA4884,410690377
HP72D0265,410033197
KA51AH6996,410021717
AS23CC7466,410350707
HR73B6901,410566447
HP64C2627,410036007
HR66C9353,410144527
HR74B8290,410150667
KA15A2092,410460767
MP68H0677,410549507
WB53C1550,410166367
AS01HC6629,410206487
TS08UF2539,410127317
DL1GC7593,410569907
HR61D3371,410150747
SK04D1488,410202727
HP66A3127,410035547
RJ07GE0489,410048317
UP70LT5617,410318707
JH05DK8367,410248217
GA03AH6202,410424767
TN48BY7272,410034097
UP65BT8549,410055947
LA012234,410201737
MP18H5410,410494037
GJ03BV4833,410545497
DN09S9675,410487197
KL60Q3060,410069497
GJ03BV7428,410561517
HR38Z9949,410569557
HR55AP7878,410101707
GJ08AU9579,410455547
MH30BD1757,410499087
KA06AB6249,410040787
MP09ZM8010,410488567
HR66C6073,410359487
MH16CD5418,410426737
DD01K9900,410426777
KA36C3174,410197737
UK04CB1499,410563757
MH46BB5008,410479637
KL54L4466,410122787
AP39TH4920,410313687
HR55AC6133,410232027
UP32JN8985,410165927
JH19D6456,410076437
WB41K1261,410548527
GJ26T9701,410554787
TN61W5937,410314607
WB59C2315,410242097
TN83E0778,410406487
OD19W0037,410402057
KA08A2175,410034267
KA439449,410055277
WB19J6868,410215487
TN06V6428,410061427
HR74A6577,410085927
OD24J0051,410173247
UP32SN3971,410564277
KA01AJ8484,410305247
MH40BG4190,410533887
OD09B4468,410173267
BR01GG8124,410559097
WB53C1600,410548507
MP22G4523,410520677
DD03R9932,410587587
JH10BW9164,410063217
RJ14GQ0760,410028307
AS26C9791,410205447
GJ05CU8589,410480657
KA34C6986,410370507
MH14KA3724,410450277
RJ14GD9570,410282327
TN23CW3444,410377937
HR66B6476,410288467
HR46E1149,410085947
HR58C0734,410138007
KA06AB8388,410037527
AS11EC4849,410264477
JH18M5913,410065217
MH09FL5517,410503027
GJ17XX7040,410490397
HR47F0956,410128597
KL54L4298,410281497
MH15DK5004,410516107
HR38AA7299,410277087
WB65C7885,410553407
TN70W4196,410155927
RJ21GD3607,410575357
PB10JB5651,410051577
OD02CF2244,410401877
PB11DC7397,410250307
GJ15AV6365,410490357
MH44U5155,410526317
RJ14GJ8118,410288927
UP14LT3731,410176827
HR55AP3282,410241257
KA01AM6216,410034867
UK04CB9051,410021197
RJ05GA9022,410354387
GJ04W7563,410491947
KA28B5734,410511417
UP78FT3456,410330927
HR55AC1806,410101347
MP05G7796,410502367
DL1GC7790,410569937
KA32C4291,410537197
MH46BF1516,410524677
TN18AR4017,410309237
WB33D8849,410547357
WB67B7069,410267687
WB15D3067,410264507
HR55AB9328,410281957
BR51P1957,410218197
BR24GA8006,410559987
MH22AN0349,410485617
MP09HG7711,410507007
OD05AL5657,410169367
KA11B8190,410501667
GJ03AX9918,410568497
HR58B9636,410150187
MP44HA0532,410539987
HP36D3737,410032077
RJ01GB4525,410485307
HR38Z9569,410569577
OD02BC7466,410411647
JK176145,410568347
UP78BT3688,410330417
CH01TB9578,410324477
RJ29GA6050,410497187
WB37D7238,410257487
UP16FT9028,410199367
WB73E5703,410239167
KA23B2471,410447997
AP39TB3545,410516397
KA15A4556,410461007
KA20AA7056,41046462
OD02BB3883,410411677
JK02CG3405,410565977
HR38V0372,410082237
OD09A7099,410172627
WB33E0698,410038867
HR58B2190,410266367
BR34G9559,410097497
HP72C1693,410033037
HP10B2839,410241637
HR38AA2248,410569557
MH40AK7683,410532107
KA439249,410034777
OD01Y7887,410175087
UP70FT3474,410177237
MH40BL0667,410483063
KL57T7255,410060997
OD19P3668,410172647
KA18C0022,410460497
PB07BG2043,410071577
RJ02GB5750,410180597
UP31T9663,410171547
WB51B6859,410547657
HR55AB3501,410085877
RJ21GB9536,410065187
RJ07GC5938,410481677
HR57A3500,410566967
RJ21GC1449,410048507
DN09S9258,410487197
PB65AN3098,410563267
HR38X0236,410280147
PB65AR5373,410563387
CG12AS9222,410466643
HP63D2022,410054017
JH14F4374,410184617
UP30T7819,410564157
HR55AB3501,410085877
WB172425,410547887
WB29B5626,410187287
WB780583,410202187
BR06GD4390,410218727
HR58B2424,410563257
CG27J0727,410481667
HR67C9334,410150147
RJ19GF2078,410254107
MH37T0087,410564457
WB15D3050,410266847
HR45C7531,410561277
CH01TB9778,410324477
OD02AZ9292,410532687
HP921117,410123777
DL1GC7602,410564947
WB25G9382,410547937
GJ04AW0701,410495177
MH15Y4545,410477377
KL10BC1141,410400647
MP05G7796,410502367
AS03BC7458,410541267
UP81CT1784,410210897
WB39B6868,410038707
TN32AP8788,410040397
MN05C0455,410347387
MH16AY6131,410512907
RJ03GA5786,410153157
MP48H1045,410484157
CG17KP0880,410481617
HR38AA3306,410280147
KA51D9467,306
MP04GB1801,410528577
UP24T0007,410568817
WB11D9290,410546077
MH27BX2110,410515507
HR67C3580,410144627
MH16CC0555,410480037
MH23AU1255,410532387
KA53C4707,410370507
UP64AT6359,410059317
WB172896,410264107
OD04L7775,410172877
WB19J4731,410260767
RJ14GH7348,410184247
KL22J4234,410293227
KL10BC3303,410125357
HP952300,410054067
WB15D4319,410548087
DL1GC7663,410307867
GJ04AW0701,410495177
GJ10Z9386,410545317
KA17D6225,410464517
RJ19GF2080,410047897
RJ29GA6050,410497187
UP27T3051,410171557
KA16D3297,410316777
MH36AA0770,410515807
MH31DS1493,410553447
GJ08AU0546,410461427
JK03G2232,410204617
HR55AB0044,410082797
WB53C1795,410272767
KA51AA7520,306
MH19CY4988,410524657
HR47D4923,410101177
GJ15AT5948,410555027
RJ29GA6040,410177647
OD35D0539,410169187
OD32E2555,410396387
WB41J3041,410041377
MH04FU5778,410048797
MH14HG9027,410560527
JH10BG6604,410184557
MP09GG8545,410552437
RJ17GA6287,410575987
HR55AB0072,410296417
HR38X4211,410144397
MH15DK4600,410477497
SK05D0189,410204847
OD05AN1338,410509197
WB172854,410214797
MH26BE7755,410533257
UP30AT5615,410306307
WB351652,410547847
UP83AT3024,410086787
MH15EG7007,410521957
RJ06GB3381,410490237
PB06Z6565,410563667
UP13AT0111,410269377
BR01GB3619,410218217
JK03G1166,410204567
BR06GC4435,410555497
HR55AF0058,410268907
GJ10TT8558,410545647
KA35C3271,410052257
MH34AV2737,410555547
HR38AA9420,410144597
HR46E2501,410566817
BR11GB0786,410096787
GJ04W6052,410495217
CG13AJ4207,410172487
GJ15AV5873,410487087
HR57A0008,410135567
HR57A3282,410563217
HR579100,410135967
HR68B3347,410039597
HR37D6637,410123757
RJ33GA3668,410030447
RJ07GD6927,410373757
PB13AW6647,410250667
RJ21GB9221,410286217
GJ11TT8300,410197287
BR01GK9843,410223967
WB780583,410202187
RJ07GD6867,410373787
TS08UJ5508,410518957
KL63B0460,410296407
OD02AZ7464,410169737
OD02BE7224,410172737
RJ41GA3419,410180397
MP28H1826,410532197
PB08EV1079,410076487
CG07BM8835,41047405
KL10BC0886,410020297
MH49AT6737,410533677
UP96T3998,410323167
PB10HQ4346,410568247
HR626397,410566857
PB02CR3975,410569567
MH17BY9522,410539687
WB67B7069,410267687
GJ03AX9793,410543567
TS28TA3636,410529907
PB02ED6125,410214017
BR51G6620,410554067
TN40T3377,410285197
UK07CB3203,410210987
MH42AQ9839,410494767
HR55AK8669,410148577
TN75AE6814,410072097
GJ04AT9293,410467847
TN32AM0716,410325097
HP11A5217,410261877
TN32AJ3339,410216327
KA35C5696,410427317
MH21BG1313,410530307
MH35AJ1951,410584037
MH49AT6737,410533677
UP42CT1154,410056327
JK02CQ9737,410201677
OD06M0073,410238957
RJ17GA9795,410382417
HR38X4211,410144397
KA53C4708,410370507
BR01GG4718,410060407
PB10HS6633,410269327
MH35AJ3953,410515887
MH40BG9990,410510147
KA09D5115,410384247
MH21BH3618,410493307
JH10CH4348,410056207
WB768278,410549737
MH12SF5868,410560857
TS16UC3929,410336787
MH14HU9040,410520177
TS08UH5237,410307817
GJ01JT1406,410493897
RJ13GB1451,410274377
RJ14GH7348,410184247
UP32GN5898,410568017
PB10GK1335,410563637
RJ14GJ3293,410282877
HR55AC6504,410083287
AP39TG9491,410502707
TS12UD3424,410345757
KA478487,410147437
CG13AN0432,410354157
JH15W7692,410184747
UP23AT6875,410359897
MH28BB8833,410525817
HR57A5398,410145047
UP34AT0576,410561367
MH29BE0770,410504447
MH42AQ4693,410531427
UP21CN5798,410024577
MH38X5050,410509037
PB11CB4877,410567407
GJ08AU5498,410455647
GJ20X8108,410451867
MP38H0376,410448937
MH03CP1137,410531747
HR38V0372,410082237
BR09GA0971,410558367
HR65A0013,410566507
HR45C0041,410208447
MP04HE7773,410456227
MH42AQ7557,410452047
AS01NC0691,410202357
MH14JL7347,410437237
UK07CB9525,410371547
KL58U9423,410125307
JH01CS5683,410562117
HR65A0350,410561097
UP45AT2032,410282777
HR46F9887,410563407
OD23N0329,410071387
UP63AT6744,410333437
MP19HA5968,410489347
HR47E4802,410095837
MH17BY7597,410537947
PB65BA9266,410053637
TN25BC5663,410063747
HR55AB3675,410111507
RJ38GA0342,410456367
DL1GC7203,410569957
MH19CY1607,410537987
MP48H1677,410564747
MH26BE8890,410534737
KL10BC0949,410061127
HR38AA7299,410277087
RJ21GC3289,410048477
MH19CY5115,410491107
MH40CD9948,410504337
MH40BL7127,410555547
KA12B8362,410467097
KA35C6586,410429857
BR21GA5711,410045767
DL1GC7549,410570087
RJ44GA1091,410029737
MH26BE8313,410412497
MH20EL2299,410518737
TS08UE8664,410339807
KL65N0744,410061407
KA28AA3174,410301727
WB53C1600,410548507
GJ36V8207,410542827
HP27B1100,410105617
MP14HB1152,410499767
MP15G4752,410479687
RJ27GB7518,410028197
RJ17GA6287,410575987
UP93CT3486,410330437
GJ12BY1125,410543357
RJ13GB4297,410164727
KA06AA9357,410043337
MH12SF4252,410557477
MH24AU0234,410435397
HR58B9783,410039397
MH44U0616,410488757
RJ27GC4860,410496187
HR57A4444,410138437
WB33D5488,410257827
UP86T5075,410567657
AP20TA3039,410349237
RJ23GB7201,410437717
PB10FV5722,410566157
JK06A8487,410205017
TS15UD1234,410519597
WB19J6869,410547257
CG24K3582,410523217
RJ14GJ8118,410288927
MP17HH8200,410499127
MH26BE0775,410533257
MP69H0153,410512877
HR577038,410036437
RJ14GP6473,410416467
HR45C3084,410144907
RJ30GA8832,410156377
MP04ZR6273,410440857
MH23AU6465,410481277
MP39H4333,410460567
GJ16AV1001,410509167
BR11GC7410,410218967
HR38AB3722,410092747
HR37D9700,410128047
GJ05AV3126,410480567
BR01GG0337,410045617
CG10AK4847,410463957
HR57A6305,410144697
JH09AD7481,410540987
UP77AT4870,410276417
MH26BE7703,410443677
JH18K2979,410056697
JH06K0149,410184487
MH16CC4644,410524857
HR39C0961,410138347
OD19T8007,410172717
HR38AB3722,410092747
DD03P9943,410487037
BR09GB3208,410561597
GJ15AV3775,410462467
RJ27GD5811,410027857
MH44U1778,410451677
UP73A3745,410327537
PB65BC1810,410383337
KA52B4646,410339157
RJ19GH5291,410065077
HR845505,410422007
MP44HA0797,410552457
MH14KA5835,410435017
JH04Z4273,410039177
HR47E9227,410144357
HR47F6553,410079797
GJ16AW0909,410509167
JH04Z4273,410039177
HR61E2626,410111467
UP70ET1440,410315327
MH40CM6251,410526747
JK08M6388,410205427
RJ02GC1395,410492787
HR39C5218,410135467
CG07CD7573,410414217
JH18F4897,410056887
MH43BX4788,410505637
JK02BC2742,410565967
MP09HJ0911,410423347
MH46BU2789,410501747
BR32GB5510,410306457
TN16H8664,410119787
TN91D7444,410400287
GJ13AX0064,410450217
KL02AG9447,410283707
UK18CA2006,410020187
UP36T7592,410168907
UP58AT1771,410288457
GJ18BT9752,410450177
MP14HC1040,410499207
KL71K1183,410286577
RJ02GB8481,410183697
MP04HE8731,410494377
HR37D7139,410289337
KA17AA3979,410444957
RJ23GB5009,410160427
RJ20GC3030,410183977
RJ16GA6605,410065057
BR50GA0073,410095017
MP14ZB4980,410488827
TN02CA4848,410336607
BR24GC3962,410252297
GJ38T5166,410467597
MH35AJ2009,410489337
GJ04AW3629,410452257
MH12SX1213,410452657
UP24AT2212,410563727
HR845505,410422007
HR46F0066,410565837
MP35HA0528,410500407
HR55AP0152,410095987
TN70J7844,410423727
UK05CA6604,410117187
AS01GC0766,410209797
HR37D7694,410388747
CG12AR0704,410482957
KA03AK2129,410021417
JH10BJ2444,410184417
OD23M0629,410169667
RJ07GC1710,410250617
UK15CA1330,410023477
MH497007,410526577
MH40Y8889,410541687
HR38AE6141,410569577
MH45AF8888,410502947
RJ20GB8768,410030497
MH48CQ8100,410449917
RJ01GB0999,410496247
UK07CD4881,410210937
HR66C9353,410144527
MH38X4500,410538327
KL01CK3394,410293787
HR57A4444,410138437
PB02EG7882,410269097
GJ06BT8885,410554947
MH35AJ3773,410535797
GJ12AZ7654,410555477
UP50DT7670,410063477
MH27BX7973,410393597
GJ06AZ9282,410490217
PB12Y5726,410051277
BR09GB7141,410562277
KL10AN0726,410293397
KA11C1967,410025087
GJ15AV6309,410460677
JH10BW9164,410063217
MP68H0217,410531947
MH45AF8596,410532697
RJ31GB0610,410498887
OD05BL0311,410402407
MP14HC0440,410487787
GJ01JT6633,410476587
TN25CB8610,410200167
OD14U5796,410175017
JK06A6091,410204597
HR74B8290,410150667
GJ17XX7114,410428717
HR47F0956,410128597
RJ14GL0074,410418937
UP64AT8265,410061967
KA21C1167,410460657
MH46BB5317,410488357
MH07AH7878,410441857
GJ01HT0423,410474237
MH12SF5955,410519847
HR626495,410135537
RJ19GH1050,410159487
RJ04GD0165,410161967
RJ14GJ3298,410164747
TN83C5999,410436247
ML05T2261,410356477
MH29BE0789,410444057
MH26BE7133,410464047
MH21BH7677,410527687
HR844001,410099357
MH12SF6161,410484307
JK06A7742,410205017
RJ01GB0131,410048387
GJ12BZ0781,410543007
UK18CA7192,410373027
KA06AB6907,410306527
RJ28GA5349,410156707
GJ35T9726,410493257
GJ12BZ3985,410543427
RJ21GC6908,410048767
MH40CD4499,410511967
MH20EL5003,410555727
OD10Q0351,410505147
UP78GN5666,410333577
HR843436,410144437
MH36AA7070,410515807
HR61D5000,410568387
JH11AL1196,410561777
MP44HA0797,410552457
RJ28GB0131,410490597
RJ20GC6655,410498087
HR628904,410231997
UP70DT5363,410317627
BR06GF1953,410305897
TN29BF3636,410397297
UP70LT5617,410318707
MP21G3401,410539217
MH23AU6621,410512247
UP47T9219,410287547
GJ12BZ9383,410554177
HR47E4802,410095837
TN25BT6565,410406107
RJ14GJ3293,410282877
OD05BJ7866,410071617
UP53HT8147,410267027
MH14JL9027,410560527
JH18J0282,410059727
HR68B6226,410566517
RJ10GA5655,410497057
HR55AM9900,410079867
PB11DA2277,410126327
RJ37GB1181,410050847
BR09GB7635,410560887
UP43AT9146,410555417
JK03M4666,410366297
MH44U7667,410532717
GJ32T7227,410543187
JK01AL8256,410563067
MH26BE5896,410470657
BR06GF0868,410480857
GJ14Z1453,410483297
BR21GB0099,410048077
BR02GC9487,410048037
GJ08AU9507,410468417
HR74B8316,410099317
UK06CA9721,410566587
HP72D1725,410035607
PB11DC6254,410389317
UK06CA8427,410569547
UP65LT1919,410062197
MH38X5051,410450077
RJ14GH7777,410320277
KA16D5151,410323977
MH08AP0333,410503507
HR46E1149,410085947
JH05BD3375,410561927
MH29BE6699,410541667
RJ14GP6473,410416467
GJ36V1631,410543537
OD10A0934,410073257
MH45AE4499,410532457
BR09GC6981,410408857
UP78HT6577,410348277
PB05AQ3925,410363367
TN91L6006,410450947
OD16K2879,410088727
DD01M9928,410487197
RJ27GD4328,410474107
GJ01DZ7755,410478757
MH20EL4505,410477047
AS07BC4821,410347497
UP62BT0406,410059187
ML05R6939,410550587
WB19J7881,410544817
WB29B5597,410166357
KA09D4074,410037707
UP30AT0444,410171687
RJ29GB0679,410419097
WB76B1726,410097127
HR55AM7000,410098937
MP16GA1662,410499107
BR28GA7694,410224467
GJ14Z1453,410483297
MH38W5050,410531287
KL25Q5391,410219557
GJ01JT3913,410475547
KL69B4514,410275457
GJ16AV4894,410554757
AP39TJ6290,410454797
RJ19GJ2076,410637207
WB41J6909,410548337
MH20GU5455,410378667
WB41K1707,410548497
KA20AC9998,410111087
PB65BB9376,410389167
CG13AT9945,410332127
UP23AT5038,410569047
RJ14GL5493,410299227
MH04JU4029,410517867
UP81BT9260,410177047
PB11CN2541,410388987
KA16AA4178,410408487
KA01AM0418,410149227
GA06T7497,410501547
KL82A7475,410051647
GJ19Y5410,410412407
PB10HV8935,410282397
RJ05GB2819,410425087
HR47E2962,410208427
GJ14Z8717,410545607
MH30BD5896,410440687
UP21CT0354,410262477
MP37ZB3294,410479707
UP16KT1420,410304907
DD01J9993,410554717
OD05BK4242,410071447
HR66B2620,410144317
RJ35GA9520,410152727
KL03AE8783,410283817
UP44BT4061,410307227
UP50DT5476,410558977
OD01Y7887,410175087
WB25L9854,410435207
CH01TB8332,410567987
AP37TF1459,410364927
GJ27TD6233,410476627
TN19BV8811,410165207
HR61D1080,410147807
MP66H2867,410505297
RJ37GB1414,410497017
RJ07GE0490,410044017
HR74B3877,410111347
HR47E6649,410587147
GJ03AW4546,410494057
AS01NC4857,410209217
GJ32T7354,410545057
UP32VN1946,410282307
OD09AA8001,410257887
MH07AJ5346,410507327
GJ12BZ5612,410504597
AS01HC3726,410347187
RJ14GP6818,410299387
RJ14GP6818,410299387
BR09GB7628,410559137
JH01FB2662,410062047
HR66C0418,410101457
MP17HH4921,410434057
RJ27GE2007,410496087
GJ36X1946,410543267
AS11EC3059,410582347
WB51C7292,410540847
JK08M8721,410575047
UP56AT5311,410562747
BR10GC3966,410224407
RJ28GA0970,410156147
MH26BE9660,410501557
GJ01JT7200,410504327
OD23Q1077,410278527
MP48ZB7080,410481717
MH29BE6599,410541667
MH40AK6840,410147447
RJ14GL3101,410485207
RJ14GP8176,410162057
UK14CA5026,410123517
HR55AF0085,410305007
OD09AB3685,410173017
UP80JT2485,410366417
WB37E5344,410548427
OD05BM3456,410071707
RJ29GB0679,410419097
AP26TD3456,410496737
WB11F7177,410547897
OD19X2511,410402147
RJ14GL9574,410296877
KA19AC5717,410216217
HR46F0066,410565837
UP70LT3835,410556847
WB29C2145,410166167
RJ04GC3595,410351267
MH04JU4028,410530427
JK13B8054,410208537
WB41K1707,410548497
WB458718,410242187
JH10CQ6299,410060097
GJ03AW4317,410568577
MP48H9901,410491787
MP14HC0440,410487787
UP50DT4894,410063487
MP40GA5511,410486087
MP15ZB8539,410492697
MH34AB3252,410564467
CG13AN7167,410554507
MH26BE6982,410441437
UP70LT6430,410276647
GJ04AX2930,410453037
RJ14GL1600,410181097
AP04TW7349,410024747
UK04CC0239,410138727
GA08V7712,410505817
JH06R3393,410060467
MP21G3296,410461367
MH06BW7799,410497567
BR29GB6643,410555927
GJ38TA0349,410450117
OD15W4004,410275497
HR55AM7000,410098937
KA23B5354,410128147
HR39E7540,410422017
MH29BE5933,410460917
WB41J2548,410548317
RJ29GA5864,410183687
UP63BT3931,410261177
MP04GA5076,410426157
MP04HE6931,410511087
GJ12BZ3985,410543427
HP34F3113,410125957
GJ01KT4489,410450257
MH21BH3360,410533177
HR38AE0063,410148747
MH40CM2837,410555547
MH40CM6251,410526747
MH29BE6599,410541667
UP62CT2898,410065037
UP79AT1322,410564037
MH27BX7919,410460997
MH23AU7128,410414817
OD22Y1041,410399287
MH17AG7879,410521267
TN51AD3117,410325127
BR02GC9417,410047907
JH09AZ1413,410183877
WB23C4835,410242707
MH24AU9919,410502937
UP93CT8698,410481497
KA719099,410224507
MH12UM7939,410528887
KA06AB6722,410386617
TN70AK9697,410153397
HR74B8316,410099317
AS01FC4361,410335717
BR06GF6950,410304097
RJ48GB6009,410369877
UP71BT4567,410268507
AP39TM2205,410092967
KA40B6678,410024757
MH26BE8662,410415007
RJ29GB1304,410497787
JK01AJ0039,410222967
RJ23GB7798,410030737
KA17AA5186,410114617
OD07AP7300,410401937
RJ14GK7274,410282327
MH29BE6699,410541667
TN23DA7880,410063947
HR844001,410099357
BR30GA9447,410306387
RJ19GH8979,410498827
RJ23GC7396,410183807
MP16H2555,410486217
OD03X8674,410071297
MH34BZ4252,410544177
GJ13AX7009,410475927
HR55AF0085,410305007
WB915902,410208797
MP09HH3548,410460467
RJ14GK8900,410297277
UP50DT6138,410189447
TS29T2239,410460017
MP44HA1152,410482037
KA36C3173,410197737
MP17HH4923,410405247
MH26BE9526,410419827
JK11F7171,410205257
RJ23GB7780,410298047
OD11AC9215,410411807
WB15E1434,410549677
WB17N4006,410214637
UP64BT8242,410063177
RJ07GE5161,410294957
GJ08AW0193,410455997
RJ21GD3584,410045357
UP70LT3835,410556847
TN49CH2230,410421227
RJ32GC3092,410141557
WB59C2315,410242097
OD05AQ0177,410402057
UP75CT2714,410333557
KL81B4906,410293587
MH14LL4095,410557597
AS23DC2901,410189917
UK18CA9613,410373207
WB15E1459,410448277
PB10JN4619,410726157
RJ55GA0426,410351087
UK13CA1000,410285417
UP95AT7770,410330607
UP14LT7245,410268687
UP32SN6819,410287857
PY01DA3777,410338367
HR46F7177,410096267
UP11CT3891,410375717
RJ28GA5350,410266517
BR10GC2195,410201747
HR74B7483,410095877
MH31FC7036,410425767
TN30CB9919,410161637
RJ23GB3699,410497877
MH34BZ4182,410553447
GJ36V1631,410543537
RJ23GC3653,410048317
UK04CB9234,410021227
MH40CM6101,410504317
TS08UJ7668,410367987
TR01AT1513,410356497
GA05T6360,410438457
RJ23GB7778,410438307
TN97V9707,410063777
WB57F1445,410239807
WB55B8220,410548457
UP71BT4886,410292107
MH12WJ0001,410537247
KA40B5199,410040777
UP30CT2835,410309827
CG26J7077,410342197
HR66C6073,410359487
MH29BE7676,410411477
TN31CU7373,410185037
TN61U7539,410188187
JH21G0146,410076127
RJ29GA5853,410186347
HR55AB0044,410082797
PB35Z2257,410566237
HR55AA2559,410253557
BR38G5473,410219137
JH10BG5131,410235607
MP46H0498,410490997
UP76K7413,410347947
MP42G1905,410495267
MH35AJ3773,410535797
RJ23GB7799,410297327
UP21DT3870,410359727
HR73B6901,410566447
WB33D8985,410187387
CG15DD4368,410157897
PB06AK9112,410213777
HR55AC6133,410232027
CG15DG6251,410158307
MH31FC6183,410483947
MH12UM1099,410434497
HR55AM9900,410079867
OD15V9817,410528027
JH10BK4422,410558807
MP39H1166,410509367
UP32KN0605,410568847
KA16B6676,410447597
RJ14GJ3298,410164747
RJ04GA6598,410457927
HR47D0100,410083167
ML05Z0207,410347427
GJ27TT3847,410493487
TN70W4161,410393787
MH23AU7273,410526287
HR69C8859,410253377
HR65A9232,410150827
HR55AC1926,410568317
MH22AN2525,410534707
MH06BV7766,410538017
WB37C7344,410548487
CG05AE4332,410529287
CG04MB0200,410151727
CG04MC2000,410151757
BR51P1957,410218197
MP40HA1777,410534897
GJ05BX9927,410493367
WB41J5007,410166157
KA12B3737,410034187
OD24B1758,410043317
HR62A7805,410135587
UP66AT2420,410377537
UP19AT9005,410024987
MP54H0120,410507037
HR55AB9328,410281957
CG29AE9249,410081037
RJ08GA3973,410259017
PB10GK6292,410566167
GJ04AT9293,410467847
DL1GC6941,410569927
BR01GD3925,410260397
RJ35GA3535,410156667
JH18F4897,410056887
RJ29GA6040,410177647
JH06K1034,410055847
JH05BX8968,410184117
JK06A2067,410204597
PY05VC2100,410040397
JK12C3069,410205477
KL10BG6333,410283577
HR55AC6504,410083287
RJ21GB8355,410047737
RJ14GL9884,410383007
JH04M1956,410239047
GJ12AZ1127,410530527
HR66B2620,410144317
HP37E3435,410053917
UP93BT3628,410348427
DN09Q9921,410474487
AP03TE8403,410451817
TN25CB1199,410469037
RJ14GL3274,410485377
GJ01BV2120,410774197
HR67B5894,410268707
TN02BM7475,410112517
JH18M5913,410065217
WB73F6795,410553247
UK18CA1265,410020137
PB10HV7290,410108747
RJ43GA6459,410385207
KA48A6611,410505467
UK07CB3203,410210987
CG13AA3641,410152117
BR11L9387,410559087
MH42AF6350,410494147
RJ13GB4283,410371367
RJ14GJ3511,410029607
MP28H1984,410541907
HR38AE6141,410569577
GJ38TA0349,410450117
RJ14GJ3294,410180467
MH19DT3002,410405967
UP24AT8811,410377377
GJ12BZ9383,410554177
RJ14GH7193,410184217
MH36AA0070,410515807
CG04MC0443,410151837
GJ12BV7887,410491087
HR55AA2559,410253557
PB23T3587,410268797
HR843436,410144437
TN83L4500,410218377
RJ19GH8085,410160027
RJ26GA3007,410156607
OD10A5929,410073377
MH24AU9559,410534557
MN05C0455,410347387
RJ14GL1323,410497887
HR55AP8565,410101667
CG13LA3349,410554507
BR32GA5270,410408457
GJ03BV4833,410545497
KA52A5858,410040517
MH29BE0002,410515907
MH23BF0055,410526297
MP40GA1653,410495097
TN24AM8169,410316577
PB65BC2132,410107937
OD10H0351,410505147
HR57A5222,410428017
MP04GA6615,410495357
GJ05BX6165,410555247
DL1GC7609,410305117
HP37E5835,410053917
WB33D3810,410187257
RJ14GK0925,410371693
RJ21GD3385,410140967
TR01AS1801,410356497
UP63AT4131,410059277
BR10GB3020,410221367
AP39UM0927,410084457
HR45C3270,410208387
BR43G2640,410218937
JH05AT7728,410076947
MH09CV2455,410444457
HR47D0100,410083167
RJ17GA5781,410026667
WB41G1229,410548337
UP79T5648,410348547
BR09GB7528,410303987
GJ12BZ6237,410492857
WB73E8195,410239857
RJ13GC1616,410498917
RJ34GA1696,410180957
HR58B9789,410269357
PB10FV3837,410052997
RJ21GB9745,410045567
WB57D5412,410041337
JH05BW0540,410187087
JH05BY2678,410231087
PB03BJ6498,410092017
BR28L7272,410221707
HR66B8061,410082197
RJ43GA2754,410161907
MH15EG3447,410477987
UP50BT6982,410060397
RJ41GA5155,410164857
JH02AS8001,410184657
PB10GK7322,410563477
WB33D7560,410547197
CG14MG7653,410353507
MH06BW3400,410477567
RJ14GH7192,410359337
MH31FC6183,410483947
TS07UC0333,410580757
JH10BJ2444,410184417
RJ19GH8130,410457827
BR02GA4179,410045537
BR37D9669,410219167
UP13AT5891,410567907
JK13D9106,410208537
PB31P5797,410567297
JH10BJ0391,410542427
PB12Y4870,410578697
RJ14GQ1341,410495847
OD23N8386,410169667
UK07CD1984,410021567
TS08UL2349,410156057
UP64BT7957,410064927
MH44U3001,410393837
UP13BT5677,410407247
RJ54GA0532,410498807
AP02TE1780,410502017
UP77AT8999,410255417
JK03N1141,410208567
OD15C6163,410169637
RJ19GD6606,410065167
MH40Y8934,410772467
RJ07GB8387,410498897
KA635225,410218317
GA10T9125,410509777
UK18CA7270,410120537
JK19A5149,410223107
MH20EL4505,410477047
MH42BF3105,410450597
MZ01Z2629,410335627
MH18H1089,410518677
UK07CA6221,410123497
RJ51GA0099,410208837
JK03D7121,410208567
JK08N7123,410205427
JK03N2672,410222937
MH25BB1241,410504007
JK14J6383,410271467
MH19Y7235,410511477
MH45AE7274,410451637
MH14LB7211,410560537
TN57BR4486,410115057
BR51GA0646,410059897
WB19L8215,410267157
NL01L0954,410209327
MH13DQ6374,410464147
MH50W7077,410512097
TN18BP7940,410063757
HR45D0543,410144477
MH23AU5515,410363707
MH39C2882,410532867
KL55P7985,410278137
AP39TY0117,410474637
TN31CT7777,410063707
MH04LQ2340,410477657
UP75BT6939,410568807
UP80HT2745,410377177
WB37E5344,410548427
DD01S9833,410390747
MH37T3338,410515937
BR06GA7162,410221117
HR47E2962,410208427
MH38X5252,410425027
RJ07GE4155,410351697
WB51C6886,410423497
OD11AC9205,410541307
WB11F7177,410547897
TN81Y2277,410448127
WB73E8195,410239857
HR61E4495,410566947
ML05AA7500,410550587
GA10T9996,410506497
RJ53GA5353,410418967
CG10C9222,410482997
RJ10GA8021,410478697
KL55N7216,410293317
AP39UG8002,410432877
OD19X5121,410404707
MH04LQ0999,410477467
TN48BV4988,410318897
AS07BC6731,410209677
WB19L8462,410761557
TN32BE6635,410325117
WB11F8129,410540707
MP49G0919,410492587
MH10AQ6116,410502877
HR55AP7878,410101707
JK126106,410202047
UP93DT2737,410332677
UP64BT7933,410132847
UP80HT5851,410366497
HR63F2274,410079037
BR10GC2195,410201747
WB933751,410242457
KL84B7551,410113557
TN22ED4666,410417787
MH14LL4955,410690897
ML10D1554,410150907
UP27T5505,410172137
AS01FC8963,410202357
MH19Z4697,410480887
UP66T3551,410132787
RJ04GC9595,410045017
OD15W8204,410582027
RJ20GB8940,410210757
TN03AB7351,410585247
UP71BT3121,410280577
UP64BT9203,410064947
BR06GG1515,410303867
KL17Y8550,410275457
KA01AD2436,410321447
BR29K7386,410238977
UK18CA7192,410373027
TR01AV1792,410347317
MP48ZC1958,410463897
MH14LB9925,410503677
MH12VT0900,410435247
HR63F3788,410098847
OD22Y1041,410399287
MZ01AA9268,410335717
UP12BT5607,410567697
WB11F7315,410547987
BR10GB2099,410408747
OD11AC9264,410175127
OD09AD0943,410172377
AS01HC8645,410211417
MH39C1026,410481587
MP40GA0497,410483187
HP17G9545,410304657
MH26CH3191,410419957
JH14J7011,410257737
UP85DT9921,410369277
OD16L0081,410073097
OD05BM9333,410068527
WB15E1434,410549677
RJ21GC3289,410048477
OR22F6383,410275377
RJ19GC9066,410160157
RJ04GA9935,410044827
MH26CH0173,410443657
GJ26U7044,410460837
MH12VW9109,410344207
WB177871,410022327
WB11F7273,410540647
JK13J0778,410201777
AP39VG0077,410127837
RJ14GG4199,410305027
OD22Y7311,410398777
KA51B7850,410037907
MH40Y8898,410460957
RJ03GA4005,410210707
HP55A7759,410566377
GJ03AX5299,410475797
MH20CT3488,410559947
GJ14Z2545,410474577
RJ07GE1946,410385657
OD10W4914,410067767
MH26CH0624,410488837
WB25L9643,410423647
WB11F6977,410540867
WB57F1912,410242137
OD22Y1199,410172597
MH45AX5677,410428617
MP53ZD7603,410672307
RJ14GG3131,410497837
TN36AA7039,410153357
TN21BF1234,410063737
MH23AU5501,410526267
KA08A2529,410027287
HR61C7505,410079057
GJ23AW3132,410493527
MH28BA9444,410424967
ML05AA2095,410356507
HR61E4495,410566947
UP65MT8787,410319897
OD04S6365,410071117
UP21DT2994,410024907
RJ31GC0581,410299587
HR55AP8565,410101667
OD01Y3424,410260937
UP96T7506,410293707
WB11F7116,410540547
UP61BT8102,410318937
AS04BC9611,410189907
UP78JT3957,410332917
UK17CA0577,410373507
DL1GE3372,410289037
TR01AW1649,410356527
TN45CC6824,410278507
UK08CA3609,410569777
UP44T4070,410165257
MH10CR8007,410269577
RJ09GD2930,410453477
AP39UD6177,410419447
BR50GA0073,410095017
OD22X7577,410541297
KA40B6789,410027457
MH20EK9109,410425817
KA28D0222,410218277
WB59C2315,410242097
NL07AA3400,410209617
GJ04AX9900,410452187
MP48ZB7080,410481717
AP03TA9759,410460177
MH19Z5253,410511387
CG15AC3901,410151937
BR25G1200,410558877
RJ27GD4743,410339667
RJ04GD1818,410351527
MP48ZC1958,410463897
MH42BF1515,410558267
MH26CH0088,410419797
KL21Y0464,410150087
TN18BP1269,410105927
JK18D4222,410201607
HR46F5662,410079297
WB11F7381,410423797
PB11DD2325,410104327
MP09HJ7745,410552267
KL13AW9077,410283227
WB51C6765,410423517
MH16DH5499,410526277
CG17KZ1004,410342287
WB894699,410435187
OD05F4114,410411017
CG04HP5517,410554517
HR57A0540,410567047
WB11F7315,410547987
TN28AP3343,410156287
RJ30GB0446,410153067
AP04TX8199,410336337
TN81H3999,410318577
CH01TB5316,410345357
BR33GB6986,410218387
UP60BT4461,410287997
UP21DT3870,410359727
HR63F2274,410079037
GJ03BY8903,410545687
AP35W9339,410349957
MH15EG3512,410477937
RJ19GD2201,410161997
JH10BK4422,410558807
KA40A1323,410040737
WB53B3855,410166227
AP39TH4420,410084617
GA07T1271,410506457
TN21BT4135,410449897
HR57A0788,410707157
JK04E9162,410202027
TN61D6133,410219407
OD32H8080,410401977
KA15A8283,410465137
UP21CN5798,410024577
TN82P1461,410336577
WB57F1551,410039087
WB57F1948,410242207
OD09Z8081,410520687
CH01TC1132,410324407
WB15E1355,410547857
AS07BC6731,410209677
CH01TB9578,410324477
AS01NC9151,410211537
UP57BT1831,410267087
GJ30T1414,410512847
AS01HC3726,410347187
UP44BT4162,410576277
BR06GF4661,410480827
TN48BY9223,410312357
PB03BC9642,410113797
GJ04X6558,410482897
TN31AJ3394,410421547
ML05Z9227,410266867
GA03V0731,410360927
UP44AT7749,410318077
RJ14GL1417,410497897
RJ21GD1776,410385497
TN31CE4838,410295617
HR47F6553,410079797
CG18H2250,410529217
MH08K9015,410444487
RJ19GC9488,410141837
GJ19Y4065,410412017
UP26AT0043,410558927
GA08Z7667,410121927
GJ01JT8584,410464247
WB23F9359,410551527
WB51C6677,410423557
HP72D1190,410126447
WB57F1068,410547457
OD09AA5058,410172577
HR66C0418,410101457
MP08HA0474,410387867
MP09GF3455,410517427
WB65E2469,410242567
MH26CH2200,410419887
MH42BF3126,410450537
WB11D0001,410546677
WB51C6873,410549097
WB57F1230,410547267
WB17N3993,410258127
BR30GA9447,410306387
MH34BZ5259,410346747
MP08HA0475,410326057
RJ20GB8937,410304857
WB23F9366,410551537
MH16CC9756,410476997
OD01Y3424,410260937
WB17N3978,410551247
AP15TA5859,410532037
UP44T8242,410165317
KL81B3011,410280617
KA34D0674,410332527
UK06CB9624,410382957
OD05BS8843,410169257
JH02BM5055,410076897
KL01CZ8357,410219647
WB41K2224,410022337
AP39TZ2007,410419517
MH23AU5509,410488877
MH16CD7460,410518597
TN51AT0490,410099407
HR64A2820,410271217
OD02CM2540,410404637
RJ14GR2921,410677007
UP11CT6081,410357497
UP23AT6875,410359897
RJ21GD2971,410498797
GJ13AX7009,410475927
OD02CH9292,410532687
UP70LT6430,410276647
MP08ZB8999,410522517
OD11AC9215,410411807
TN92J8896,410216327
KA08A2448,410025197
JK14J6388,410271467
MP43H0727,410507897
GJ9AV2941,410491387
UP45T3913,410055757
KL02AW3302,410248843
BR50GA7601,410428847
WB65E2475,410242627
WB65E2469,410242567
KA20AB9093,410335547
GJ02AT9394,410469637
UK06CB2116,410566587
RJ19GD7259,410210837
MH23AU1548,410532597
OD09AB3685,410173017
TN90K4199,410338447
AP39TT3600,410338237
AS01GC0766,410209797
GJ32T7354,410545057
WB19L7875,410551557
AP39UL9166,410335327
OD09AA5001,410257887
GJ04AX9900,410452187
MH39AD1919,410455557
DD01N9922,410554807
OD24J0880,410263657
GJ14AT1011,410191667
HR62A5800,410422057
OD11AC9328,410175107
UP30T5511,410171997
MH16AY6633,410555767
UP80CT3616,410569627
AS01NC9151,410211537
MH14LC7003,410384987
MH47BL1218,410531627
MH26CH0412,410376047
BR10GC3966,410224407
BR51GA0646,410059897
MN06T3012,410190047
MH42AR4444,410560597
WB95A6850,410548587
AS11AC1668,410264477
AS01DC7344,410347407
GJ15AV9946,410415667
OD11AC9264,410175127
CH01TA4665,410345357
MH20EL8452,410532807
KA716847,410066327
MH50X4444,410434947
MH04LY5080,410524827
UP73T4337,410666807
WB11F4122,410215267
GJ26T5166,410452537
TN45CD7940,410321767
WB15E1680,410022347
WB41J6909,410548337
GA08V9945,410438367
JK18D4111,410222947
AP39UM4388,410377207
MH24AU9602,410498587
PY01VD8289,410182947
OD32H9300,410401917
JH16H8209,410033067
TN23DY3830,410221897
UP95T9453,410333087
GJ13AX0064,410450217
RJ04GC4026,410161837
RJ19GH9810,410351647
TN15Q2855,410325197
NL01L0954,410209327
RJ23GC3653,410298257
WB23C4835,410242707
MH23AU4973,410535907
PB65BE6620,410360487
KA497255,410052397
WB11F6977,410540867
AS12CC3921,410179197
UP93DT1658,410332977
HR56C1725,410566997
GJ27TD6146,410425187
UP36T9008,410168857
GJ04X6558,410482897
TS27T7718,410168397
OD02BY6786,410401857
WB17N4017,410431247
UP57BT2422,410267267
UP94AT0487,410333627
RJ50GB9900,410351057
HR68C2354,410576047
OD23P2791,410070467
WB212814,410214717
NL01AD6996,410258147
MP41ZD1610,410525457
WB15E1568,410024147
OD11AC9328,410175107
MH29BD7101,410424657
GA08V7453,410441447
MH21BG1616,410346867
WB11F7116,410540547
WB57F1564,410239787
WB37E6510,410022267
OD22Y1199,410172597
WB15E1629,410551347
GJ03BY8903,410545687
MH23AU1548,410532597
WB177862,410023897
RJ14GR2023,410298047
AS26AC1432,410205447
GJ03AW4317,410568577
KA51AJ1439,410021447
WB458439,410549347
MH26BE8414,410412547
GJ03AW4546,410494057
MH17CV2212,410587987
HR56C3719,410565997
UP52BT3097,410562477
MH12WJ0500,410529357
AP39UL7235,410058327
GA06Z7799,410441447
BR06GG1082,410409437
TN32BF4446,410040347
WB73F6795,410553247
KA01AN7128,410025387
GA12T1915,410505867
KA06AB7668,410037687
PB65BE7741,410391617
GA06T8478,410445137
MH24AU9750,410541877
UP57BT1082,410267267
GJ12BZ6237,410492857
JH05DK8888,410260337
MH09GB7119,410529487
RJ23GC0675,410299927
UP21CN5498,410024767
WB136479,410166917
WB41K2224,410022337
MH14LL1736,410584237
RJ07GE5565,410351627
OD23R4189,410169667
UP95AT2406,410667107
UP95AT2445,410332947
BR09GC1579,410561677
AP20TA0941,410057897
MH43CE7592,410467647
KL16AC0045,410212797
GJ14Z2545,410474577
CG16CR1989,410158427
UP54BT0660,410667637
AP39UN2288,410441497
CG12BN1351,410127847
TN43P8899,410287207
RJ46GA6014,410637197
AS23DC2901,410189917
AS12CC3921,410179197
MH14LC5959,410656497
WB11D0001,410546677
RJ21GE0047,410351507
GJ01KT6040,410425197
TR01AU1565,410356267
PB13BT3373,410269247
KA23B5962,410430017
PB11DC7397,410250307
UP64BT7957,410064927
KA12C4576,410055417
GJ01LT6870,410497227
GJ39T0315,410685197
DN09S9675,410487197
MH26BE9883,410376447
UK18CA9199,410116077
UP50AT3339,410129857
OD04S9099,410399667
TN152976,410420757
KA34C8713,410176557
MH48T5845,410763007
AS11EC8268,410356257
HP66A6364,410342617
MH03EG6792,410531747
AS01GC7432,410202147
MH04LY0001,410477467
UP63BT3931,410261177
AS26AC1251,410224517
MH12WX8232,410356157
KA14C0882,410324417
MZ01Z5116,410202577
UP62T6804,410132417
GJ19Y5318,410554697
OD23R1681,410169667
MP05ZC7235,410564797
WB59D0376,410242477
KA43A3446,410028347
UP53KT7579,410270687
KA32AB3245,410533377
OD04V5909,410541317
MH46CU5005,410653117
CG12AS9322,410466643
AP39WB4454,410428767
AP39TJ7600,410301497
UP83DT2471,410369497
MP20ZQ8998,410449177
DN09S9258,410487197
WB59D0376,410242477
RJ25GA7193,410342567
WB15E1355,410547857
AS22AC0187,410209497
OD09AA5001,410257887
MP05ZC7235,410564797
WB25M0137,410215467
MH08AP7874,410447287
UP63AT6744,410333437
DD01N9922,410554807
DD01F9617,410490047
UP50CT6859,410558527
OD24J0051,410173247
CH01TB9234,410345357
WB41K2158,410540937
KL65V6700,410061407
UP65MT8787,410319897
DD01P9200,410397057
DD01F9668,410487197
GJ01DV4279,410476327
OD22X7577,410541297
UP93DT8266,410330987
KA23A7079,410426937
UP80JT5560,410367167
CG14MT2520,410151967
WB15E1629,410551347
CG16CS4321,410450067
AS17C8091,410208617
UP64BT1021,410132507
WB136480,410425517
KA29B0392,410459697
UP85ET8134,410265277
TN40T3377,410285197
MH47BL8439,410515997
MH14LL9822,410520577
GJ12CT4707,410561507
HR55AS7450,410673487
MH44AC1991,410527987
WB11F7273,410540647
TN48BY9223,410312357
MH29CF5556,410515617
UP50BT6982,410060397
UP50DT5476,410558977
WB65E2475,410242627
ML05AC3877,410369897
UP50ET7131,410063457
MH04LQ2388,410237267
WB273808,410436397
MH45AX4079,410720107
UP64BT6926,410056627
UK18CA9613,410373207
MP04HE3482,410483887
MH08AP7708,410447267
UP50DT4894,410063487
AP39UC5585,410465757
HR63F3788,410098847
GA03V1846,410505787
WB51C7214,410441887
TN47BS3299,410420707
KA09AB7377,410037817
MH20EL4917,410485547
WB39B0039,410166287
KA23B4778,410430017
KA29C2517,410127927
CG15EA2200,410356667
DD01N9831,410554627
WB17N4006,410214637
UP61T2256,410560077
PB13AW6647,410250667
UK04CC0239,410138727
HR55AS7450,410673487
UP50BT5448,410132747
PB10JD8607,410563317
OD05BV5489,410175017
OD01AX4439,410399357
UP62BT7646,410056897
UP66AT2420,410377537
HR849820,410099247
KA16AA9888,410216087
GJ18BV2763,410497907
TN20DX9909,410031017
UP62T6868,410132487
UK18CA9199,410116077
MP04YC2055,410456487
PB65BE7741,410391617
as22ac0187,410209497
MZ01Z2630,410335627
MH23BJ7071,410375907
PY01DC1528,410257207
JK08P4872,410575047
KA23B5962,410430017
CH01TB9778,410324477
RJ39GA6720,410641057
GJ12CT4707,410561507
OD10K6474,410068127
UP62CT0725,410128637
UP62AT2556,410056797
MH09CA7119,410127907
WB57F2158,410038777
MH12WR0300,410560937
KA12C4693,410464057
MP53ZD7122,410387607
UP78KN5815,410255547
DL1GE3903,410192527
OD05AW1569,410528147
DD03R9932,410587587
MH24AU0786,410560807
OD05BS8439,410175017
KA01AM0418,410149227
MH12WR6999,410557527
UP95AT2405,410333647
AS03CC1153,410550237
UK18CA9199,410116077
KA645679,410034817
MH34BZ5259,410346747
OD16K8223,410088727
WB41K2158,410540937
AP39UF9639,410092967
WB39C7788,410166467
WB37E5344,410548427
GJ26U7777,410719137
RJ14GQ0760,410028307
UP61T2271,410076937
MZ01Z5117,410202577
OD09AD0943,410172377
KA28AA4555,410048797
DD01P9200,410397057
RJ14GR2921,410677007
TN32BF2868,410063807
MH14LL2035,410520307
OD15AA1051,410526207
MH05FJ9732,410477287
WB15E1459,410448277
ML05AF0046,410347847
MH21BH4004,410407757
RJ19GK5121,410498127
KA15A9430,410465137
AS26AC2587,410270447
DD01J9993,410554717
RJ08GA7020,410382367
GJ39T0315,410504597
GA03V1783,410438517
HR47E6649,410587147
KL55AH7168,410302887
KA09AA9113,410469437
UP47AT5676,410285737
MP66ZE5632,410498367
UP50AT8090,410132777
UP70PT9921,410359217
DD01S9833,410390747
PB11AY7299,410125707
KA11C6600,410028027
KA35D7398,410319117
OD22Y7311,410398777
ML08H5194,410257497
DD03P9943,410487037
UP64BT9203,410064947
KA568976,410093317
MH21BH8289,410537207
AS26AC1251,410224517
OD04S6365,410071117
DD01K9900,410426777
TG35T0397,410653407
OD33AQ1459,410272887
UP50DT6138,410189447
MH21BH3139,410446777
GJ36X0071,410701427
RJ37GA9431,410667077
MH42BF3456,410511977
MH04LY5137,410522007
UK11CA5660,410373507
RJ14GP8947,410186717
UP66T3551,410132787
UK04CC4848,410021337
OD17AD3311,410491617
UP50DT3459,410063237
HR67E9797,410392367
BR09GB7528,410303987
OD09Z8081,410520687
WB29B6336,410187357
WB73G8326,410343707
RJ07GE5569,410731237
WB95A6874,410215197
WB73G8326,410343707
KA12C4744,410321877
DD01M9928,410487197
MH21CB1616,410346867
GJ06BV9808,410449637
BR09N9231,410221687
KL21Z9192,410232557
UP12CT8777,410700467
MP04YC2055,410456487
OD100369,410528277
UP50DT7670,410063477
HR65A8707,410039077
OD09AA5058,410172577
UP50DT0522,410063107
GJ36X1946,410543267
BR06GF6952,410201827
OD16K8296,410088727
AS01HC3724,410368687
TN13AC2800,410222207
MH08AP8503,410504757
KL08BU9689,410361977
KA01AP5409,410696977
GA04T7090,410438417
OD17AA1400,410527137
WB25L9640,410436387
JK22C7644,410205847
UP61BT8102,410318937
MP53ZD7082,410375617
NL01Q6193,410208857
CG12S4722,410466643
UP63BT7392,410333477
UP62CT7978,410062677
OD11AC9205,410541307
MH06CK5200,410477567
JK01AW8260,410563067
WB41K1261,410548527
UP45T3913,410055757
PB65BJ9973,410277427
UP50AT7475,410132697
AS07BC4821,410347497
AS27C7953,410264477
JK03M7689,410201697
MP45ZC2853,410537657
AP26TL3881,410058147
dd01k9900,410426777
KA664314,410108287
AP02TD0099,410024027
MH26CH0623,410477007
DD01F9900,410426777
AS17C8097,410208657
KA48A6611,410505467
MP17ZJ9543,410020537
AS15AC8948,410211247
RJ14GR2023,410298047
JK02DE6500,410718047
